#Powered_by_ParaTranz;;;;;;;;;;;;;x
#CODE;ENGLISH;FRENCH;GERMAN;;SPANISH;;;;;;;;x
EVTDESC13000_NEWS_LONG;西洋文明之风逐日东渐。其所到之处，就连青草和空气也被此风所披靡。最近已经出现了些兆头，一些奇怪的船只出现在了我们的海岸线上。真是奇怪的船，桅杆都高到可以触到天上的神了。一开始，急剧增长的好奇心主宰了我们的神智。然而第二天呢？他们的船是很怪，他们的风俗习惯就更怪了，可是毫无疑问是时候考虑我们应该如何应对这群来自“欧罗巴”的外人了。;;;;;;;;;;;;x
EVTDESC13000_NEWS_MEDIUM;一些奇怪的船只出现在了我们的海岸线上。他们的船是很怪，他们的风俗习惯就更怪了，可是毫无疑问是时候考虑我们应该如何应对这群来自“欧罗巴”的外人了。;;;;;;;;;;;;x
EVTDESC13000_NEWS_SHORT;他们的船是很怪，他们的风俗习惯就更怪了，可是毫无疑问是时候考虑我们应该如何应对这群来自“欧罗巴”的外人了。;;;;;;;;;;;;x
EVTDESC13100_NEWS_LONG;$COUNTRY$：那些外国人太出格了！传播谬误的知识，企图颠覆人民的信念以及国家的完整。破坏我们的传统，用鸦片污染我们的灵魂。$PROVINCENAME$的人们都这么说。$PROVINCENAME$排外情绪高涨，甚至外国的贸易站都关门以避免损失。外国人不再被允许涉足该省，传播谎言荼毒大众。;;;;;;;;;;;;x
EVTDESC13100_NEWS_MEDIUM;$COUNTRY$：那些外国人太出格了！传播谬误的知识，企图颠覆人民的信念以及国家的完整。破坏我们的传统，用鸦片污染我们的灵魂。$PROVINCENAME$排外情绪高涨。;;;;;;;;;;;;x
EVTDESC13100_NEWS_SHORT;$COUNTRY$：那些外国人太出格了！破坏我们的传统，用鸦片污染我们的灵魂。$PROVINCENAME$排外情绪高涨。;;;;;;;;;;;;x
EVTDESC13120_NEWS_LONG;$COUNTRY$的宫廷雇佣的欧洲女家庭教师工作尽职尽责，但是她也似乎正在那里教授着奇怪的思想。比如，她曾经宣称人人生而平等，$COUNTRY$应当放下奴隶制的沉重包袱。对于早已习惯于奴隶制当地人来说，这是个危险的人。。。;;;;;;;;;;;;x
EVTDESC13120_NEWS_MEDIUM;$COUNTRY$的宫廷雇佣的欧洲女家庭教师工作尽职尽责，但是她也似乎正在那里教授着奇怪的思想。比如，她曾经宣称人人生而平等。;;;;;;;;;;;;x
EVTDESC13120_NEWS_SHORT;$COUNTRY$的宫廷雇佣的欧洲女家庭教师工作尽职尽责，但是她也似乎正在那里教授着奇怪的思想。;;;;;;;;;;;;x
EVTDESC13230_NEWS_LONG;$COUNTRY$：在$PROVINCENAME$的大街上闲逛很危险，使馆区的一位大使被发现死在那里。警卫是在早上4点发现他的尸体的，显然是被抢劫了。但是，外国人指控当地官员没有能够尽到保护外交人员的责任。当地官员担心正式的道歉也无法安抚这些外国人，或许要给出一些切实的东西。;;;;;;;;;;;;x
EVTDESC13230_NEWS_MEDIUM;$COUNTRY$：在$PROVINCENAME$的大街上闲逛很危险，使馆区的一位大使被发现死在那里。警卫是在早上4点发现他的尸体的，显然是被抢劫了。;;;;;;;;;;;;x
EVTDESC13230_NEWS_SHORT;$COUNTRY$：在大街上闲逛很危险，一位外国大使被发现死在那里。警卫是在早上4点发现他的尸体的，显然是被抢劫了。;;;;;;;;;;;;x
EVTDESC13270_NEWS_LONG;自18世纪50年代就开始了。终于双方撕破了脸。当时，$FROMCOUNTRY_ADJ$官员一再拒绝$COUNTRY_ADJ$无限制贸易的要求，拒绝取消对鸦片禁令。$COUNTRY_ADJ$政府由于投入甚多，发现自己别无选择只能开战。于是，$COUNTRY$-$FROMCOUNTRY$鸦片战争开始了。;;;;;;;;;;;;x
EVTDESC13270_NEWS_MEDIUM;$FROMCOUNTRY$与列强之间的贸易争议已经持续一段时间。$COUNTRY_ADJ$政府已经在对抗政策中大量投入，它自身已经无法选择，只有发动战争，因此$COUNTRY$-$FROMCOUNTRY$战争来临。;;;;;;;;;;;;x
EVTDESC13270_NEWS_SHORT;$FROMCOUNTRY$同列强的贸易摩擦最终在$YEAR$年$MONTH$升温至顶点。$COUNTRY$-$FROMCOUNTRY$战争来临。;;;;;;;;;;;;x
EVTDESC13355_NEWS_LONG;夏宫，中国人又称之为圆明园，位于中国北京皇城的东北。这片巨大的园林宫殿群从18世纪建设到19世纪早期，一直是清朝皇帝居住和办公的场所。现在，我们听说$FROMCOUNTRY_ADJ$占领北京的士兵烧毁了这个园林。这野蛮的暴行举国震惊举世震惊。;;;;;;;;;;;;x
EVTDESC13355_NEWS_MEDIUM;我们听说$FROMCOUNTRY_ADJ$占领北京的士兵烧毁了夏宫，又称圆明园。这野蛮的暴行举国震惊举世震惊。;;;;;;;;;;;;x
EVTDESC13355_NEWS_SHORT;我们听说$FROMCOUNTRY_ADJ$占领北京的士兵烧毁了夏宫，又称圆明园。;;;;;;;;;;;;x
EVTDESC13356_NEWS_LONG;义和团，或者说“拳民”-一场决意于恢复中国独立地位并应对西方在亚洲扩张的运动-对欧洲传教士以及商人展开了屠杀。伴随着欧洲人倒下去的还有一些转信天主教的中国人。中国政府似乎对这些行径毫不关心，甚至有传言表明清王朝试图支持这项运动。;;;;;;;;;;;;x
EVTDESC13356_NEWS_MEDIUM;义和团，或者说“拳民”对欧洲传教士以及商人展开了屠杀。伴随着欧洲人倒下去的还有一些转信天主教的中国人。;;;;;;;;;;;;x
EVTDESC13356_NEWS_SHORT;拳民对欧洲传教士以及商人展开了屠杀。伴随着欧洲人倒下去的还有一些转信天主教的中国人。;;;;;;;;;;;;x
EVTDESC13358_NEWS_LONG;“无嗣失权”是英国对于英属印度土邦的管理政策，即如果土邦王公无直系继承人或者“显得无能”，那么土邦将直接由英国东印度公司管理。该政策随着东印度公司被英属印度取代而撤销。由于$FROMCOUNTRY$政府一团浆糊，东印度公司今天决定该国的不再独立。;;;;;;;;;;;;x
EVTDESC13358_NEWS_MEDIUM;“无嗣失权”允许英国吞并英属印度的土邦。由于$FROMCOUNTRY$政府一团浆糊，东印度公司今天决定该国的不再独立。;;;;;;;;;;;;x
EVTDESC13358_NEWS_SHORT;由于$FROMCOUNTRY$政府一团浆糊，东印度公司今天决定该国的不再独立。;;;;;;;;;;;;x
westernize_nation_desc_NEWS_LONG;$COUNTRY$遭受西方先进文明的文化冲击。古老的传统不再得到尊重。西方的影响就像野火般蔓延。如果当地居民仍想保住自己的特色，拒绝丢掉所有的过去，是时候为自己的命运抗争了。对于文化领袖来说，这是很明显的，只有顺应这个名为“西方”的洪流才能不被它摧毁，才能逆转局势。就像孙子说过，激水之疾，至于漂石者，势也；鸷鸟之疾，至于毁折者，节也。;;;;;;;;;;;;x
westernize_nation_desc_NEWS_MEDIUM;$COUNTRY$遭受西方先进文明的文化冲击。古老的传统不再得到尊重。西方的影响就像野火般蔓延。只有顺应这个名为“西方”的洪流才能不被它摧毁，才能逆转局势。;;;;;;;;;;;;x
westernize_nation_desc_NEWS_SHORT;$COUNTRY$遭受西方先进文明的文化冲击。只有顺应这个名为“西方”的洪流才能不被它摧毁，才能逆转局势。;;;;;;;;;;;;x
EVTDESC19500_NEWS_LONG;四轮马车的残骸几天前被巡逻兵在布西曼河边发现。现场的状况表明这里发生了一次战斗，因为这里发现了一些布尔人的尸体。留在这里的箭头说出了一切。毫无疑问，祖鲁国王是幕后黑手。为了应对这一针对殖民者的威胁，有必要进行军事介入。;;;;;;;;;;;;x
EVTDESC19500_NEWS_MEDIUM;四轮马车的残骸几天前被巡逻兵在布西曼河边发现。这里还发现了一些布尔人的尸体。留在这里的箭头说出了一切。毫无疑问，祖鲁国王是幕后黑手。;;;;;;;;;;;;x
EVTDESC19500_NEWS_SHORT;四轮马车的残骸几天前被巡逻兵在布西曼河边发现。留在这里的箭头说出了一切。毫无疑问，祖鲁国王是幕后黑手。;;;;;;;;;;;;x
EVTDESC19501_NEWS_LONG;大批移民穿越开普的殖民地前往位于威特沃特斯兰德山脉的新建殖民城市“约翰内斯堡”。那里正发生着淘金潮，古老的三角洲储藏着难以想象的从附近的绿盐冲刷下来的金子。人流带来了许多问题，也威胁着这些边境城市。;;;;;;;;;;;;x
EVTDESC19501_NEWS_MEDIUM;大批移民穿越开普的殖民地前往位于威特沃特斯兰德山脉的新建殖民城市“约翰内斯堡”。那里正发生着淘金潮。人流带来了许多问题，也威胁着这些边境城市。;;;;;;;;;;;;x
EVTDESC19501_NEWS_SHORT;大批移民穿越开普的殖民地前往位于威特沃特斯兰德山脉的新建殖民城市“约翰内斯堡”。那里正发生着淘金潮。;;;;;;;;;;;;x
EVTDESC22500_NEWS_LONG;这对$COUNTRY$来说是黯淡的日子，因为$CAPITAL$的金融投机泡沫破裂了。不动产价格已经持续上升了一年半。尽管一些分析师早就警告目前的价格是被人为操作的，但是金融狂热者们将任何相关劝告置之不理。在政府中，对规范银行和货币的呼吁已经出现，希望能够消除“人吃人资本主义”的弊端。;;;;;;;;;;;;x
EVTDESC22500_NEWS_MEDIUM;这对$COUNTRY$来说是黯淡的日子，因为$CAPITAL$的金融投机泡沫破裂了。在政府中，对规范银行和货币的呼吁已经出现，希望能够消除“人吃人资本主义”的弊端。;;;;;;;;;;;;x
EVTDESC22500_NEWS_SHORT;这对$COUNTRY$来说是黯淡的日子，因为$CAPITAL$的金融投机泡沫破裂了。在政府中，对规范银行和货币的呼吁已经出现。;;;;;;;;;;;;x
EVTDESC22510_NEWS_LONG;由于$CAPITAL$股票市场的崩溃，许多储户失去了对银行业的信任。由工厂破产导致大范围的失业一夜间便出现了。沿着紧密交织的西方金融市场，危机迅速传播到其他的国家。大崩溃的余波在全世界回响。这在后世将被称为$YEAR$大萧条。;;;;;;;;;;;;x
EVTDESC22510_NEWS_MEDIUM;由于$CAPITAL$股票市场的崩溃，许多储户失去了对银行业的信任。由工厂破产导致的大范围失业一夜间便出现了。;;;;;;;;;;;;x
EVTDESC22510_NEWS_SHORT;由于$CAPITAL$股票市场的崩溃，许多储户失去了对银行业的信任。;;;;;;;;;;;;x
EVTDESC23203_NEWS_LONG;$COUNTRY_ADJ$探险家找到了尼罗河的源头，这位国家带来了荣誉！冲破恶劣天气与当地土著的阻碍，克服沿途疾病与疲劳的困难，他们最终到达了一大片水域，他们称之为这条大河的源头。他们旅程的详细记录已经出版，这次探险必将是世界第一，也给组织的国家带来了无上荣誉。;;;;;;;;;;;;x
EVTDESC23203_NEWS_MEDIUM;$COUNTRY_ADJ$探险家找到了尼罗河的源头，这位国家带来了荣誉！他们旅程的详细记录已经出版，这次探险必将是世界第一，也给组织的国家带来了无上荣誉。;;;;;;;;;;;;x
EVTDESC23203_NEWS_SHORT;$COUNTRY_ADJ$探险家找到了尼罗河的源头，最近出版的探险记录也给国家带来了荣誉。;;;;;;;;;;;;x
EVTDESC23207_NEWS_LONG;$COUNTRY_ADJ$探险家第一个在北极插旗，为国家带来了荣誉！在四位因纽特向导的指引下，探险队成功到达了目的地。对探险过程的记录毫无疑问地表明他们是第一个到达那里的。组织这场探险的国家也获得了荣誉。;;;;;;;;;;;;x
EVTDESC23207_NEWS_MEDIUM;$COUNTRY_ADJ$探险家第一个在北极插旗，为国家带来了荣誉！对探险过程的记录毫无疑问地表明他们是第一个到达那里的。组织这场探险的国家也获得了荣誉。;;;;;;;;;;;;x
EVTDESC23207_NEWS_SHORT;$COUNTRY_ADJ$探险家第一个在北极插旗，为国家带来了荣誉！他们凭借当地因纽特人的帮助下到达了目的地。;;;;;;;;;;;;x
EVTDESC23211_NEWS_LONG;$COUNTRY_ADJ$探险家第一个在南极插旗，为国家带来了荣誉！他们的探险记录详细说明了他们是如何等待春天的到来，如何驾驶52条狗拉动的4个雪橇到达那里的。在经历了充满危险与艰难的两个月后，他们到达南极点并建立了标记，向后人表明他们是第一个到达那里的。一支与他们竞争的探险队则没有了消息，估计已经在前进的路上遭遇了麻烦。;;;;;;;;;;;;x
EVTDESC23211_NEWS_MEDIUM;$COUNTRY_ADJ$探险家第一个在南极插旗，为国家带来了荣誉！经历了充满危险与艰难的两个月后，他们到达南极点并建立了标记，向后人表明他们是第一个到达那里的。;;;;;;;;;;;;x
EVTDESC23211_NEWS_SHORT;$COUNTRY_ADJ$探险家第一个在南极插旗，为国家带来了荣誉！他们奋战了两个月才到那里。;;;;;;;;;;;;x
EVTDESC23213_NEWS_LONG;$COUNTRY_ADJ$南极探险队吵醒了一些可怕的东西。在陌生的城市废墟中，他们发现了一些又像动物又像植物的生命体。这些怪物在古老的过去曾经毁灭过地球。它们现在饥肠辘辘地复活了。由于我们的好奇心，世界末日或许将要到来。这震惊世人的发现毫无疑问可能威胁人类的生存，也使我们明白，有些东西最好别碰，有些地方最好别去。;;;;;;;;;;;;x
EVTDESC23213_NEWS_MEDIUM;$COUNTRY_ADJ$南极探险队吵醒了一些可怕的东西。在陌生的城市废墟中，他们发现了一些又像动物又像植物的生命体。这些怪物在古老的过去曾经毁灭过地球。它们现在饥肠辘辘地复活了。;;;;;;;;;;;;x
EVTDESC23213_NEWS_SHORT;$COUNTRY_ADJ$南极探险队吵醒了一些可怕的东西。在陌生的城市废墟中，他们发现了一些又像动物又像植物的生命体。;;;;;;;;;;;;x
EVTDESC1140_NEWS_LONG;乔治·阿姆斯特朗·卡斯特中校从黑山回来报告称大量黄金在达科他领地被发现。勘探者，矿工和寻宝者涌入当地，使这里成为整个州最繁华的地区。大量铁路被建设，以运送勘探者前往新建立的城镇。但是令人担心的是，晚上有奇怪的号角和呼喊声从山中传来。一些人声称苏族人已经准备发动袭击。;;;;;;;;;;;;x
EVTDESC1140_NEWS_MEDIUM;乔治·阿姆斯特朗·卡斯特中校从黑山回来报告称大量黄金在达科他领地被发现。但是令人担心的是，晚上有奇怪的号角和呼喊声从山中传来。一些人声称苏族人已经准备发动袭击。;;;;;;;;;;;;x
EVTDESC1140_NEWS_SHORT;卡斯特中校从黑山回来报告称大量黄金在达科他领地被发现。但是一些人声称苏族人已经准备发动袭击。;;;;;;;;;;;;x
EVTDESC1000_NEWS_LONG;$COUNTRY$：卡尔马克思和弗雷德里希·恩格斯发表了《共产党宣言》。这是一个简洁而有力的文件。它讨论了各个国家的社会和阶级斗争的历史。这使得$COUNTRY$的工人组建了一个政党，决心推行其中的计划。他们自称社会主义者，相信存在由工人阶级领导的国度。在那里，生产资料控制在工人阶级手中而不是资产阶级手中。平等，正义，团结和民主是社会主义理论的重要组成部分。;;;;;;;;;;;;x
EVTDESC1000_NEWS_MEDIUM;$COUNTRY$：他们自称社会主义者，相信存在由工人阶级领导的国度。在那里，生产资料控制在工人阶级手中而不是资产阶级手中。平等，正义，团结和民主是社会主义理论的重要组成部分。;;;;;;;;;;;;x
EVTDESC1000_NEWS_SHORT;$COUNTRY$：他们自称社会主义者，相信存在由工人阶级控制生产资料的国度。平等，正义，团结和民主是社会主义理论的重要组成部分。;;;;;;;;;;;;x
EVTDESC1001_NEWS_LONG;$COUNTRY$：我们希望，不，我们需要一个自由的社会。无人高人一等，无人低三下四。人们免受压迫和贫困。我们需要一个消灭国家，消灭阶级的社会，一个工人控制生产资料的社会。我们认为社会应当拒绝分化和孤立，拒绝货币和私有财产，享有物质的极大丰富，进行全世界的物资调配。按需分配，完全自由。;;;;;;;;;;;;x
EVTDESC1001_NEWS_MEDIUM;$COUNTRY$：我们希望，不，我们需要一个自由的社会。无人高人一等，无人低三下四。人们免受压迫和贫困。我们需要一个消灭国家，消灭阶级的社会，一个工人控制生产资料的社会。;;;;;;;;;;;;x
EVTDESC1001_NEWS_SHORT;$COUNTRY$：我们希望，不，我们需要一个自由的社会。无人高人一等，无人低三下四。人们免受压迫和贫困。;;;;;;;;;;;;x
EVTDESC1002_NEWS_LONG;一群自由主义者对缺少经济自由和议会改革的速度不满，并在$COUNTRY_ADJ$政坛建立了新的政党。无政府主义者们是自由主义的激进派，他们会毫不犹豫地使用一切手段在$COUNTRY$国内和国外实现自己自由的理想。他们要求一个没有政府强迫的享有个人自由的以互不侵犯为准则的社会。;;;;;;;;;;;;x
EVTDESC1002_NEWS_MEDIUM;一群自由主义者对缺少经济自由和议会改革的速度不满，并在$COUNTRY_ADJ$政坛建立了新的政党。无政府主义者是自由主义的激进派。;;;;;;;;;;;;x
EVTDESC1002_NEWS_SHORT;一群自由主义者对缺少经济自由和议会改革的速度不满，并在$COUNTRY_ADJ$政坛建立了无政府主义政党。;;;;;;;;;;;;x
EVTDESC1003_NEWS_LONG;$COUNTRY$：“力量来自团结！政府已经如此软弱，因此我们需要一个强有力的政党团结我们，使国家重新获得认同，使国民不被资本主义的糖衣炮弹所骗。”第三条路，或者称其为法西斯主义者，正在寻求上议院的席位。他们声称政府权限应当被扩展至重要工业，从而保证经济的自给自足以及国家的经济独立。他们不仅反对一切其他的意识形态，而且可以毫不犹豫地使用暴力手段发展自己。;;;;;;;;;;;;x
EVTDESC1003_NEWS_MEDIUM;$COUNTRY$：“政府已经如此软弱，因此我们需要一个强有力的政党团结我们，使国家重新获得认同，使国民不被资本主义的糖衣炮弹所骗。”第三条路，或者称其为法西斯主义者，正在寻求上议院的席位。;;;;;;;;;;;;x
EVTDESC1003_NEWS_SHORT;$COUNTRY$：第三条路，或者称其为法西斯主义者，正在寻求上议院的席位。;;;;;;;;;;;;x
EVTDESC14600_NEWS_LONG;或许，那年真的有什么在起作用。它引起了一连串的不幸-你也可以说是灾难-不管幕后是什么，在$YEAR$年骚动与不安像野火烧过草原一样席卷$COUNTRY_ADJ$殖民地。向土著退缩会让我们在国际舞台上站不起来，但是不这样又能如何？;;;;;;;;;;;;x
EVTDESC14600_NEWS_MEDIUM;或许，那年真的有什么在起作用。不管幕后是什么，在$YEAR$年骚动与不安像野火烧过草原一样席卷$COUNTRY_ADJ$殖民地。;;;;;;;;;;;;x
EVTDESC14600_NEWS_SHORT;骚动与不安像野火烧过草原一样席卷$COUNTRY_ADJ$殖民地。向土著退缩会让我们在国际舞台上站不起来，但是不这样又能如何？;;;;;;;;;;;;x
EVTDESC14670_NEWS_LONG;$COUNTRY$举国震惊，因为一家主流的欧洲报纸报道了该国一处殖民地的状况。歧视，酷刑和折磨，为了维持殖民地的生活生产秩序，这些都被用上了。腐败使得矿井和农场都不再处于殖民地办公室的控制之下。;;;;;;;;;;;;x
EVTDESC14670_NEWS_MEDIUM;$COUNTRY$举国震惊，因为一家主流的欧洲报纸报道了该国一处殖民地的状况。歧视，酷刑和折磨，为了维持殖民地的生活生产秩序，这些都被用上了。;;;;;;;;;;;;x
EVTDESC14670_NEWS_SHORT;$COUNTRY$举国震惊，因为一家主流的欧洲报纸报道了该国一处殖民地虐待土著的状况。;;;;;;;;;;;;x
EVTDESC14740_NEWS_LONG;随着殖民地竞赛的升级，欧洲国家开始瓜分非洲和世界其他地区。在这场竞赛中，$COUNTRY$做得很好。$COUNTRY_ADJ$一处殖民地最近成为国际上公认的殖民地典范。广泛的关注不仅为$COUNTRY_ADJ$殖民政策赢得欧洲各国议会和宫廷的赞誉，而且对$COUNTRY_ADJ$科技研究与国际威望带来了好处。;;;;;;;;;;;;x
EVTDESC14740_NEWS_MEDIUM;$COUNTRY_ADJ$一处殖民地最近成为国际上公认的殖民地典范。广泛的关注不仅为$COUNTRY_ADJ$殖民政策赢得声誉，而且对$COUNTRY_ADJ$科技研究与国际威望带来了好处。;;;;;;;;;;;;x
EVTDESC14740_NEWS_SHORT;$COUNTRY_ADJ$一处殖民地最近成为国际上公认的殖民地典范，获得了广泛关注。;;;;;;;;;;;;x
EVTDESC22010_NEWS_LONG;将罪犯同社会隔离开来的想法很早就有了。许多经典的法典都将流放作为最后的惩罚手段，专门留给重犯。这种刑罚被认为不比死刑轻。随着欧洲殖民帝国在十八十九世纪的发展，这种刑罚演变成了流放地制度。$COUNTRY$正考虑建立这样的制度。;;;;;;;;;;;;x
EVTDESC22010_NEWS_MEDIUM;随着欧洲殖民帝国在十八十九世纪的发展，将罪犯同社会隔离的想法演变成了流放地制度。$COUNTRY$正考虑建立这样的制度。;;;;;;;;;;;;x
EVTDESC22010_NEWS_SHORT;将罪犯同社会隔离开来的想法很早就有了。$COUNTRY$正考虑建立专门的流放地。;;;;;;;;;;;;x
EVTDESC2510_NEWS_LONG;$COUNTRY$：SS$CAPITAL$，一艘小型军舰昨天在外国港口右舷爆炸后神秘地沉没。军方情报部门认为爆炸是由过热的锅炉导致的，但是有消息声称这是一次外国势力的阴谋破坏。人们群情激愤，要求血债血尝的声音充斥$CAPITAL$的街道，那里的地名也正是军舰的名字。;;;;;;;;;;;;x
EVTDESC2510_NEWS_MEDIUM;$COUNTRY$：SS$CAPITAL$，一艘小型军舰昨天在外国港口右舷爆炸后神秘地沉没。一些媒体称其为外国的阴谋。;;;;;;;;;;;;x
EVTDESC2510_NEWS_SHORT;$COUNTRY$：SS$CAPITAL$，一艘小型军舰昨天在外国港口右舷爆炸后神秘地沉没。;;;;;;;;;;;;x
EVTDESC23300_NEWS_LONG;过去的这一年里有几艘商船在海上离奇失踪，这被许多人认为是一种未知的巨大鲸鱼所致。著名海洋生物学家彼埃尔·阿龙纳斯愿意加入$COUNTRY_ADJ$科学探险队来调查这一在大洋中的怪物。此外，传言说有几个国家也在计划组织他们自己的探险队去探寻谜团。;;;;;;;;;;;;x
EVTDESC23300_NEWS_MEDIUM;著名法国海洋生物学家彼埃尔·阿龙纳斯愿意加入$COUNTRY_ADJ$科学探险队来调查一头出没于海洋的怪物。;;;;;;;;;;;;x
EVTDESC23300_NEWS_SHORT;著名法国海洋生物学家彼埃尔·阿龙纳斯愿意加入$COUNTRY_ADJ$科学探险队来调查一头出没于海洋的怪物。;;;;;;;;;;;;x
EVTDESC23302_NEWS_LONG;著名法国海洋生物学家在$COUNTRY$的海滩上被发现。自从他参加探险队以来，一直行踪不明。阿龙纳斯称他的船只和不明生物在一次近距离的遭遇后，他被冲到船外，然后他发现那生物实际上是一艘可以海底航行的人类船只。阿龙纳斯教授坚称那船的船长是一位热爱自由的义士，断绝了同陆上世界的联系，在海里享受自由的生活。;;;;;;;;;;;;x
EVTDESC23302_NEWS_MEDIUM;$COUNTRY$：著名法国海洋生物学家彼埃尔·阿龙纳斯称他的船只和不明生物在一次近距离的遭遇后，他被冲到船外，然后他发现那生物实际上是一艘可以海底航行的人类船只，属于一位热爱自由的义士。;;;;;;;;;;;;x
EVTDESC23302_NEWS_SHORT;$COUNTRY$：著名法国海洋生物学家彼埃尔·阿龙纳斯声称自己在遇上一艘潜水船的时候被抛下水，那船属于一位热爱自由的义士。;;;;;;;;;;;;x
EVTDESC21500_NEWS_LONG;1908年的通古斯爆炸，是由一个巨大的火球引起的。很多人怀疑这是流星或者小行星的碎片。距离爆炸点几十英里的目击者表示看见天空被一道亮光分成两半，紧接着就感到热浪向他们袭来，最后是震耳欲聋的巨响。炽热的风烧灼着大地，天空中好像出现了第二个太阳。;;;;;;;;;;;;x
EVTDESC21500_NEWS_MEDIUM;1908年的通古斯爆炸，是由一个巨大的火球引起的。很多人怀疑这是流星或者小行星的碎片。当时天空中好像出现了第二个太阳。;;;;;;;;;;;;x
EVTDESC21500_NEWS_SHORT;1908年的通古斯爆炸，是由一个巨大的火球引起的。很多人怀疑这是流星或者小行星的碎片。;;;;;;;;;;;;x
EVTDESC21510_NEWS_LONG;喀拉喀托火山的喷发以及它带来的海啸杀死了荷属东印度36500人。喷发的响声即使在3000英里外的罗德里格斯岛也能听见。这次事件影响了全球的气候，天空因此在几年后都一直灰暗。在那里看到的太阳都是红色的，全球气温也随之降低了至少一摄氏度。世界各地的气压计记录到了5天的气压异常。;;;;;;;;;;;;x
EVTDESC21510_NEWS_MEDIUM;喀拉喀托火山的喷发以及它带来的海啸杀死了荷属东印度36500人。喷发的响声即使在3000英里外的罗德里格斯岛也能听见。这次事件影响了全球的气候。;;;;;;;;;;;;x
EVTDESC21510_NEWS_SHORT;喀拉喀托火山的喷发以及它带来的海啸杀死了荷属东印度36500人。喷发的响声即使在3000英里外的罗德里格斯岛也能听见。;;;;;;;;;;;;x
EVTDESC21520_NEWS_LONG;大地震袭击了加州旧金山，破坏巨大，伤亡众多。在内陆的内华达都有震感。地震后的火灾更使得整个城市成为平地。军队正在努力向灾民运送物资。这场地震一定会给这一代人带来无法抚平的创伤。;;;;;;;;;;;;x
EVTDESC21520_NEWS_MEDIUM;大地震袭击了加州旧金山，破坏巨大，伤亡众多。在内陆的内华达都有震感。地震后的火灾更使得整个城市成为平地。;;;;;;;;;;;;x
EVTDESC21520_NEWS_SHORT;大地震袭击了加州旧金山，破坏巨大，伤亡众多。地震后的火灾更使得整个城市成为平地。;;;;;;;;;;;;x
EVTDESC23450_NEWS_LONG;根据瑞典发明家企业家阿尔弗雷德诺贝尔的遗愿，他的毕生财富将建立一个基金，每年奖励在化学，物理，生理医学领域有重大成果的研究者，以及开创性文学作品的作者和为和平作出贡献的活动家。虽然被认为是和平主义者，但是诺贝尔建设了90家军工厂，申请了350项相关专利，为自己家族谋取了大量财富。;;;;;;;;;;;;x
EVTDESC23450_NEWS_MEDIUM;根据瑞典发明家企业家阿尔弗雷德诺贝尔的遗愿，他的毕生财富将建立一个基金，每年奖励在化学，物理，生理医学领域有重大成果的研究者。;;;;;;;;;;;;x
EVTDESC23450_NEWS_SHORT;根据瑞典发明家企业家阿尔弗雷德诺贝尔的遗愿，他的毕生财富将建立一个基金，每年奖励有重大成果的研究者。;;;;;;;;;;;;x
EVTDESC23400_NEWS_LONG;随着古希腊文明研究的兴起和体育在社会生活中的日益重要，一名法国贵族，皮埃尔·德·顾拜旦男爵，希望借此复兴奥林匹克运动会。通过推进国家间体育竞技推动世界和平。作为迄今为止最大的体育盛会，第一届现代奥运会的运动员在九个大项中拼搏，其中有摔跤，举重，击剑，自行车等。每项比赛的胜利者都将获得一块银牌，一个橄榄头环和一份证书。;;;;;;;;;;;;x
EVTDESC23400_NEWS_MEDIUM;关于古希腊文明和体育作为社会发展的重要组成部分的想法，它们结合起来产生新的有趣的东西，这导致法国贵族顾拜旦提出复兴奥运会的想法，企图通过体育竞赛来促进国际和平。;;;;;;;;;;;;x
EVTDESC23400_NEWS_SHORT;随着古希腊文明研究的兴起和体育在社会生活中的日益重要，一名法国贵族，皮埃尔·德·顾拜旦男爵，希望借此复兴奥林匹克运动会。;;;;;;;;;;;;x
EVTDESC90040_NEWS_LONG;印度竟敢叛乱！这是由一小队印度兵，在西方军队中服役的印度人，发动的兵变。它点燃了印度次大陆的广大区域。东印度公司的一系列不合适的规定受到全印度的抵制，在最近引发了许多小规模的暴动，但是这些都没有印度士兵哗变的影响严重。其导火索是要求印度士兵使用猪油弹药包和牛脂肪润滑的来复枪，而这违背了伊斯兰教和印度教教义。;;;;;;;;;;;;x
EVTDESC90040_NEWS_MEDIUM;印度竟敢叛乱！这是由一小队印度兵，在西方军队中服役的印度人，发动的兵变。它点燃了印度次大陆的广大区域。东印度公司的一系列不合适的规定被认为是起因。;;;;;;;;;;;;x
EVTDESC90040_NEWS_SHORT;印度竟敢叛乱！这是由一小队印度兵，在西方军队中服役的印度人，发动的兵变。它点燃了印度次大陆的广大区域。;;;;;;;;;;;;x
EVTDESC17610_NEWS_LONG;在$COUNTRY_ADJ$部分省份出现了法西斯党。他们建立了具备军事指挥体系的准军事组织。它有统一的思想，随时遵从法西斯党魁的命令准备使用暴力。该组织因为标志性的军服被称为“黑衫军”。这对$COUNTRY_ADJ$政坛是新鲜事，但是也有人担心会引发连锁反应，导致其他的政党也组建相应的组织。;;;;;;;;;;;;x
EVTDESC17610_NEWS_MEDIUM;在$COUNTRY_ADJ$部分省份出现了法西斯党。他们建立了具备军事指挥体系的准军事组织。它有统一的思想，随时遵从法西斯党魁的命令准备使用暴力。该组织又被称为“黑衫军”。;;;;;;;;;;;;x
EVTDESC17610_NEWS_SHORT;在$COUNTRY_ADJ$部分省份出现了法西斯党。他们建立了具备军事指挥体系的准军事组织。它有统一的思想，随时遵从法西斯党魁的命令准备使用暴力。;;;;;;;;;;;;x
EVTDESC17630_NEWS_LONG;$CAPITAL$有报告指出黑衫军，法西斯党的军事组织，开始向$CAPITAL$进发，试图夺取$COUNTRY$政权。军队却没有一点干预的意思，我们怀疑一些$COUNTRY_ADJ$军队领导人已经投靠法西斯党。这对$COUNTRY_ADJ$年轻的民主政治是一场危机，对整个地区的稳定是一个威胁。;;;;;;;;;;;;x
EVTDESC17630_NEWS_MEDIUM;$CAPITAL$有报告指出黑衫军，法西斯党的军事组织，开始向$CAPITAL$进发，试图夺取$COUNTRY$政权。军队却没有一点干预的意思。;;;;;;;;;;;;x
EVTDESC17630_NEWS_SHORT;$CAPITAL$有报告指出黑衫军，法西斯党的军事组织，开始向$CAPITAL$进发，试图夺取$COUNTRY$政权。;;;;;;;;;;;;x
EVTDESC17680_NEWS_LONG;法西斯分子在$COUNTRY_ADJ$一个省份出现，显示他们的力量以及组织严密性。身穿棕黑色制服，踩着鼓点，排队通过街道，法西斯分子是如此令人生畏。一些$COUNTRY_ADJ$内阁成员认为，目前军队不在国家控制下的现状值得注意，并且建议取缔准军事组织。;;;;;;;;;;;;x
EVTDESC17680_NEWS_MEDIUM;法西斯分子在$COUNTRY_ADJ$一个省份出现，显示他们的力量以及组织严密性。身穿棕黑色制服，踩着鼓点，排队通过街道，法西斯分子是如此令人生畏。;;;;;;;;;;;;x
EVTDESC17680_NEWS_SHORT;法西斯分子在$COUNTRY_ADJ$一个省份出现，显示他们的力量。他们身穿棕黑色制服，以军事方阵通过;;;;;;;;;;;;x
EVTDESC17560_NEWS_LONG;红旗招展，锣鼓喧天，社会主义者，共产主义者，工会成员从$COUNTRY$各地汇聚到一起，纪念1886年在芝加哥干草市场暴动中牺牲的同志。虽然今年全国各地都有纪念活动，但是今年在$COUNTRY_ADJ$某个省特别成功，那里的群众斗争性和觉新度都很高。;;;;;;;;;;;;x
EVTDESC17560_NEWS_MEDIUM;红旗招展，锣鼓喧天，社会主义者，共产主义者，工会成员从$COUNTRY$各地汇聚到一起，纪念1886年在芝加哥干草市场暴动中牺牲的同志。;;;;;;;;;;;;x
EVTDESC17560_NEWS_SHORT;$COUNTRY$：红旗招展，锣鼓喧天，社会主义者，共产主义者，工会成员从各地赶来集会。;;;;;;;;;;;;x
EVTDESC5001_NEWS_LONG;乌拉圭举办了世界第一届世界杯足球赛，大获成功。虽然没有几个欧洲国家参与，但是比赛仍然精彩。法国的吕西安·洛朗射入了第一粒进球，美国守门员吉米·道格拉斯完成了第一个不失球记录，阿根廷的古拿莫·斯塔比尔以8粒进球成为第一个最佳射手。当然，最重要的还是乌拉圭在93000名狂热球迷面前4-2战胜了阿根廷！;;;;;;;;;;;;x
EVTDESC5001_NEWS_MEDIUM;乌拉圭举办了世界第一届世界杯足球赛，大获成功。虽然没有几个欧洲国家参与，但是比赛仍然精彩。乌拉圭在93000名狂热球迷面前在决赛4-2战胜了阿根廷！;;;;;;;;;;;;x
EVTDESC5001_NEWS_SHORT;乌拉圭举办了世界第一届世界杯足球赛，大获成功。虽然没有几个欧洲国家参与，但是比赛仍然精彩。;;;;;;;;;;;;x
EVTDESC5002_NEWS_LONG;在任职加拿大总督期间，普雷斯顿的斯坦利勋爵对冰球很感兴趣。1892年他赞助了一个银杯，又称自治领冰球挑战杯，作为加拿大顶尖冰球俱乐部的奖杯。第一个奖杯被授予蒙特利尔冰球俱乐部，它在那个赛季战胜了所有对手。不过由于斯坦利勋爵因总督任期结束很快被召回英国，他从没观摩过一次冰球比赛。;;;;;;;;;;;;x
EVTDESC5002_NEWS_MEDIUM;在任职加拿大总督期间，普雷斯顿的斯坦利勋爵对冰球很感兴趣。1892年他赞助了一个银杯，又称自治领冰球挑战杯，作为加拿大顶尖冰球俱乐部的奖杯。;;;;;;;;;;;;x
EVTDESC5002_NEWS_SHORT;1892年普雷斯顿的斯坦利勋爵赞助了一个银杯，又称自治领冰球挑战杯，作为加拿大顶尖冰球俱乐部的奖杯。;;;;;;;;;;;;x
EVTDESC160001_NEWS_LONG;以天国的名义，起义爆发了！洪秀全声称受到天启，受上帝指派成为基督的弟弟，推翻满族统治的清朝。他在中国南部建立太平天国，率领超过3000万部众，拉开了史上最惨烈的内战的序幕。太平军希望用他们的天主教信仰代替传统的儒学，佛学，同时推行一系列激进改革，比如男女平等和公有制。;;;;;;;;;;;;x
EVTDESC160001_NEWS_MEDIUM;以天国的名义，起义爆发了！洪秀全声称受到天启，受上帝指派成为基督的弟弟，推翻满族统治的清朝，建立太平天国;;;;;;;;;;;;x
EVTDESC160001_NEWS_SHORT;以天国的名义，起义爆发了！洪秀全声称受到天启，受上帝指派成为基督的弟弟，推翻满族统治的清朝。;;;;;;;;;;;;x
EVTDESC48300_NEWS_LONG;来自德意志诸邦的消息。亚历山大卡尔，伯恩堡公爵，阿斯堪尼亚王室成员，安哈尔特-伯恩堡公国的最后血脉，没有继承人就去世了。利奥波特四世公爵，作为1847年安哈尔特-科滕公国顺位中最接近的亲戚，继承了爵位。从此，安哈尔特家族重新合并为一支。;;;;;;;;;;;;x
EVTDESC48300_NEWS_MEDIUM;亚历山大卡尔，伯恩堡公爵，没有继承人就去世了。利奥波特四世公爵，作为1847年安哈尔特-科滕公国顺位中最接近的亲戚，继承了爵位。从此，安哈尔特家族重新合并为一支。;;;;;;;;;;;;x
EVTDESC48300_NEWS_SHORT;伯恩堡公爵，没有继承人就去世了。利奥波特四世公爵，作为1847年安哈尔特-科滕公国顺位中最接近的亲戚，继承了爵位。从此，安哈尔特家族重新合并为一支。;;;;;;;;;;;;x
EVTDESC46600_NEWS_LONG;来自我们在南美线人的消息，阿根廷：胡安包蒂斯塔阿尔韦迪的书，《阿根廷共和国政治结构基础》，最早出版于1852年，也就是罗萨斯被推翻那年，现在成为阿根廷新政府的基础。阿尔韦迪计划中的阿根廷采取了美国的模式。;;;;;;;;;;;;x
EVTDESC46600_NEWS_MEDIUM;来自阿根廷：胡安包蒂斯塔阿尔韦迪的书，《阿根廷共和国政治结构基础》，现在成为阿根廷新政府的基础。阿尔韦迪计划中的阿根廷采取了美国的模式。;;;;;;;;;;;;x
EVTDESC46600_NEWS_SHORT;阿根廷：阿尔韦迪的书，《阿根廷共和国政治结构基础》，现在成为阿根廷新政府的基础。它以美国的模式为样版。;;;;;;;;;;;;x
EVTDESC46601_NEWS_LONG;这本书于1845年首次出版，引用独裁者法昆多的故事，来揭示所谓的欧洲文明与本地土著的野蛮。萨米恩托在书中愤怒的谴责了独裁者法昆多·基罗加和罗萨斯以及潘帕斯的人们。书中偶尔也对阿根廷的潘帕斯地区有过美好的描述。;;;;;;;;;;;;x
EVTDESC46601_NEWS_MEDIUM;这本书于1845年首次出版，引用独裁者法昆多的故事，来揭示所谓的欧洲文明与本地土著的野蛮。萨米恩托在书中愤怒的谴责了独裁者法昆多·基罗加和罗萨斯以及潘帕斯的人们。书中偶尔也对阿根廷的潘帕斯地区有过美好的描述。;;;;;;;;;;;;x
EVTDESC46601_NEWS_SHORT;这本书于1845年首次出版，引用独裁者法昆多的故事，来揭示所谓的欧洲文明与本地土著的野蛮。萨米恩托在书中愤怒的谴责了独裁者法昆多·基罗加和罗萨斯以及潘帕斯的人们。书中偶尔也对阿根廷的潘帕斯地区有过美好的描述。;;;;;;;;;;;;x
EVTDESC46300_NEWS_LONG;巴西的文学：巴西的诗人和剧作家安东尼奥·德卡斯特罗·阿尔维斯最近发表了《奴隶船》，很快赢得了奴隶的诗人的称号。这首诗描述了非洲黑奴被从非洲贩卖到南美的悲惨场景。他的作品对南美的废奴运动产生了影响。;;;;;;;;;;;;x
EVTDESC46300_NEWS_MEDIUM;巴西的诗人和剧作家安东尼奥·德卡斯特罗·阿尔维斯最近发表了《奴隶船》，很快赢得了奴隶的诗人的称号。这首诗描述了非洲黑奴的悲惨境遇，也对南美的废奴运动产生了影响。;;;;;;;;;;;;x
EVTDESC46300_NEWS_SHORT;安东尼奥·德卡斯特罗·阿尔维斯最近发表了《奴隶船》，很快赢得了奴隶的诗人的称号。他的作品对南美的废奴运动产生了影响。;;;;;;;;;;;;x
EVTDESC46301_NEWS_LONG;1894年保利斯塔人查尔斯·米勒从英国回来。他随身携带了两个足球，一本规则，一套运动服以及如何进行这项英国人发明的运动的经验。米勒和其他在圣保罗的英国居民在1895年进行了第一场足球赛。双方分别是煤气公司的雇员和圣保罗铁路公司的雇员。地点在卡尔莫山谷。最后铁路公司以4-2取得了胜利。从那时起，巴西人对该运动的兴趣与日俱增。;;;;;;;;;;;;x
EVTDESC46301_NEWS_MEDIUM;1894年保利斯塔人查尔斯·米勒从英国回来。他随身携带了两个足球，一本规则，一套运动服以及如何进行这项英国人发明的运动的经验。从那时起，巴西人对该运动的兴趣与日俱增。;;;;;;;;;;;;x
EVTDESC46301_NEWS_SHORT;从英国回到巴西之后，保利斯塔人查尔斯·米勒将足球引进国内，使巴西人对该运动的兴趣与日俱增。;;;;;;;;;;;;x
EVTDESC46302_NEWS_LONG;来自南美巴西的消息：弗朗西斯科萨比诺，一位对社会不满的医生，在巴伊亚省发动了叛乱，以结束奴隶制并希望重新分配土地。据报告，一些小规模战斗已经在叛军和巴西军队间展开。有消息称，叛军计划占领并控制重镇萨尔瓦多。;;;;;;;;;;;;x
EVTDESC46302_NEWS_MEDIUM;弗朗西斯科萨比诺，一位对社会不满的医生，在巴伊亚省发动了叛乱，以结束奴隶制并希望重新分配土地。据报告，一些小规模战斗已经在叛军和巴西军队间展开。;;;;;;;;;;;;x
EVTDESC46302_NEWS_SHORT;弗朗西斯科萨比诺，一位对社会不满的医生，在巴伊亚省发动了叛乱，以结束奴隶制并希望重新分配土地。;;;;;;;;;;;;x
EVTDESC33300_NEWS_LONG;大灾难！在卡尔斯鲁厄巴登大公国的剧院被火灾烧成一片废墟。当局声称建筑的主要结构都是木制的，这也加速了火势的蔓延。火灾发生时正好正在举行演出，很快便引起了观众的恐慌。由于出口的门是向内打开的，这妨碍了群众的疏散。据报告，有63名群众失去了生命。;;;;;;;;;;;;x
EVTDESC33300_NEWS_MEDIUM;在卡尔斯鲁厄巴登大公国的剧院被火灾烧成一片废墟。火灾发生时正好正在举行演出，很快便引起了观众的恐慌。据报告，有63名群众失去了生命。;;;;;;;;;;;;x
EVTDESC33300_NEWS_SHORT;大灾难！在卡尔斯鲁厄巴登大公国的剧院被火灾烧成一片废墟。有63名群众失去了生命。;;;;;;;;;;;;x
EVTDESC34100_NEWS_LONG;音乐盛会：42个来自莱茵兰，巴登，黑森和弗兰克尼的合唱团汇集到法兰克福，来庆祝为期三天的莫扎特音乐节。资金和住所早已安排妥当。几千人聚集在美因河两岸欢迎前来的嘉宾。甚至屋顶上也挤满了兴奋地挥舞着手绢的人们。但是，这项盛会很快变成促进德意志政治统一的集会。;;;;;;;;;;;;x
EVTDESC34100_NEWS_MEDIUM;42个来自莱茵兰，巴登，黑森和弗兰克尼的合唱团汇集到法兰克福，来庆祝为期三天的莫扎特音乐节。周围聚集着大量兴高采烈的围观群众。但是，这项盛会很快变成促进德意志政治统一的集会。;;;;;;;;;;;;x
EVTDESC34100_NEWS_SHORT;42个合唱团汇集到法兰克福，来庆祝为期三天的莫扎特音乐节。但是，这项盛会很快变成促进德意志政治统一的集会。;;;;;;;;;;;;x
EVTDESC44100_NEWS_LONG;1885年马克吐温发表了‘哈克贝利·弗恩历险记’，开启了美国小说的新纪元。在这之前，美国小说一直追随着欧洲的影子。马克吐温改变了这一切，开创了美式风格的小说。这本书尝试展现人们因他们的行动而不是他们的地位而受到尊重。;;;;;;;;;;;;x
EVTDESC44100_NEWS_MEDIUM;1885年马克吐温发表了《哈克贝利·弗恩历险记》，开启了美国小说的新纪元。马克吐温改变了美国小说界，开创了美式风格的小说。;;;;;;;;;;;;x
EVTDESC44100_NEWS_SHORT;1885年马克吐温发表了《哈克贝利·弗恩历险记》，通过美式风格小说，开启了美国小说的新纪元。;;;;;;;;;;;;x
EVTDESC44101_NEWS_LONG;999号列车成了纽约中央铁路公司和哈迪森铁路公司帝国列车线的专用列车，并且在布法罗和巴达维亚间运行时，时速112英里，约160公里。尽管有人独自测量过速度后声称在上述区间内速度只有86英里，但对于当时普通客运车辆来说仍然是相当快的，除了一些跑在特制的实验铁轨上的火车，没有东西比它快。;;;;;;;;;;;;x
EVTDESC44101_NEWS_MEDIUM;999号列车成了纽约中央铁路公司和哈迪森铁路公司帝国列车线的专用列车，并且在布法罗和巴达维亚间运行时，时速112英里，约160公里。这对于当时普通客运车辆来说仍然是相当快的了。;;;;;;;;;;;;x
EVTDESC44101_NEWS_SHORT;999号列车成了纽约中央铁路公司和哈迪森铁路公司帝国列车线的专用列车，并且在布法罗和巴达维亚间运行时，时速112英里，约160公里。;;;;;;;;;;;;x
EVTDESC44102_NEWS_LONG;总统候选人威廉·詹宁斯·布莱恩呼吁自由银的铸造，很快为他在人民党，白银党和一些进步党派中赢得了声誉。白银党和进步党派，以及西部南部的农民第一次联合在一起。布莱恩被北方的工业界和金融界认为试图使货币贬值并损害国家信用。;;;;;;;;;;;;x
EVTDESC44102_NEWS_MEDIUM;总统候选人威廉·詹宁斯·布莱恩呼吁自由银的铸造，很快为他在人民党，白银党和一些进步党派中赢得了声誉。白银党和进步党派，以及西部南部的农民第一次联合在一起。;;;;;;;;;;;;x
EVTDESC44102_NEWS_SHORT;总统候选人威廉·詹宁斯·布莱恩呼吁自由银的铸造，很快为他在人民党，白银党和一些进步党派中赢得了声誉。;;;;;;;;;;;;x
EVTDESC44103_NEWS_LONG;坚毅号在北冰洋搜寻失踪的极地探险队员约翰富兰克林时被浮冰所困，船员无奈弃船。3年后被美国在北大西洋发现。坚毅号原本是一艘商船，改装后参加了富兰克林妻子组织的营救她丈夫的船队，因为富兰克林和他的探险队在放弃他们的探险船后可能正在遭受饥饿的困扰。美国从发现者手中买下这条船，修复后将其还给了英国。;;;;;;;;;;;;x
EVTDESC44103_NEWS_MEDIUM;美国发现了被搜寻探险家富兰克林的船队抛弃的坚毅号，并将其买下，修复后，还给了英国。;;;;;;;;;;;;x
EVTDESC44103_NEWS_SHORT;坚毅号在北大西洋被发现了。美国将其买下，修复后还给了英国。;;;;;;;;;;;;x
EVTDESC44104_NEWS_LONG;政治家律师贺拉斯曼在马萨诸塞州开始了教育改革。很快便成为了全国的典范。曼喜欢亲自去每个学校了解它的情况，并自己掏钱前往欧洲学习普鲁士的教育体系。他作为第一个号召废除体罚的倡议者而家喻户晓。体罚被认为是激化师生冲突的诱因。;;;;;;;;;;;;x
EVTDESC44104_NEWS_MEDIUM;政治家律师贺拉斯曼在马萨诸塞州开始了教育改革。很快便成为了全国的典范。曼曾经自己掏钱前往欧洲学习普鲁士的教育体系。;;;;;;;;;;;;x
EVTDESC44104_NEWS_SHORT;政治家律师贺拉斯曼在马萨诸塞州开始了教育改革。很快便成为了全国的典范。;;;;;;;;;;;;x
EVTDESC44105_NEWS_LONG;史密森尼学会由美国国会建立并直接向总统负责。它的职能是支持科学研究和探索，普及科学知识。英国科学家詹姆斯史密森将他的遗产捐给了美国，国会花了几年时间才决定按照他的意愿建立这个“旨在增进和传播人类知识”的学会。通过政府资金和私人捐献，史密森尼学会拥有惊人的资产。;;;;;;;;;;;;x
EVTDESC44105_NEWS_MEDIUM;史密森尼学会由美国国会建立并直接向总统负责。通过政府资助和私人捐献，史密森尼学会拥有惊人的资产。;;;;;;;;;;;;x
EVTDESC44105_NEWS_SHORT;美国国会建立了史密森尼学会，直接向总统负责。它的职能是支持科学研究和探索，普及科学知识。;;;;;;;;;;;;x
EVTDESC44106_NEWS_LONG;拉尔夫·沃尔多·爱默生的《论文集》在1841年出版，宣扬了一种崭新的超验主义思想。尽管许多欧洲人并不认为他是一位哲学家，但是他对欧洲大陆思想的影响是无可估量的，特别是尼采。受爱默生《论文集》《自然》的启发，尽管被批评为忽略理性，强调人类内心的超验主义成为了1840年代的文化思潮。;;;;;;;;;;;;x
EVTDESC44106_NEWS_MEDIUM;拉尔夫·沃尔多·爱默生的《论文集》在1841年出版，宣扬了一种崭新的超验主义思想。尽管许多欧洲人并不认为他是一位哲学家，但是他对欧洲大陆思想的影响是无可估量的。;;;;;;;;;;;;x
EVTDESC44106_NEWS_SHORT;拉尔夫·沃尔多·爱默生的《论文集》在1841年出版，宣扬了一种崭新的超验主义思想。;;;;;;;;;;;;x
EVTDESC44107_NEWS_LONG;1881年小奥利弗·温德尔·霍姆斯发表了《普通法》，梳理了普通法律的历史。书中，他声称法律并不是逻辑的，而是判决时法官的意志，其中最知名的论断是，法律凭借的不是逻辑，而是经验。很快，这本书就成了经典，霍姆斯本人第二年也成了哈佛大学的教授，最终成为了美国最高法院的大法官。《普通法》的发表标志着实用主义在美国知识界的兴起。;;;;;;;;;;;;x
EVTDESC44107_NEWS_MEDIUM;1881年小奥利弗·温德尔·霍姆斯发表了《普通法》，梳理了普通法律的历史。书中，他声称法律并不是逻辑的，而是判决时法官的意志，其中最知名的论断是，法律凭借的不是逻辑，而是经验。;;;;;;;;;;;;x
EVTDESC44107_NEWS_SHORT;1881年小奥利弗·温德尔·霍姆斯发表了《普通法》，梳理了普通法律的历史。书中，他声称法律并不是逻辑的，而是判决时法官的意志。;;;;;;;;;;;;x
EVTDESC44108_NEWS_LONG;1885年尤利西斯·辛普森·格兰特出版了他的《U.S.格兰特的个人回忆录》，几乎完整地回顾了他的一生。他一边忍受着咽喉癌的痛苦一边写作，仅仅为了保证他死后家里能有生活来源。作为美国回忆录的经典，这本书因直接，明晰的文风而著名。当时，回忆录取得了巨大的成功，也成为自内战后仍在出版的少数几本书。或许是出自美国总统之手最好的书。;;;;;;;;;;;;x
EVTDESC44108_NEWS_MEDIUM;1885年尤利西斯·辛普森·格兰特出版了他的《U.S.格兰特的个人回忆录》，几乎完整地回顾了他的一生。他一边忍受着咽喉癌的痛苦一边写作，仅仅为了保证他死后家里能有生活来源。或许是出自美国总统之手最好的书。;;;;;;;;;;;;x
EVTDESC44108_NEWS_SHORT;1885年尤利西斯·辛普森·格兰特出版了他的《U.S.格兰特的个人回忆录》，几乎完整地回顾了他的一生。或许是出自美国总统之手最好的书。;;;;;;;;;;;;x
EVTDESC44109_NEWS_LONG;阿尔弗雷德·赛耶·马汉出版了《海权对历史的影响》，书中他分析了海权在历史中的作用，同时讨论了组织并维护一只可观海军的战略特点和优势。本书被誉为海军战略方面最有影响力的著作。马汉理论被认为直接导致了海军军备竞赛。;;;;;;;;;;;;x
EVTDESC44109_NEWS_MEDIUM;阿尔弗雷德·赛耶·马汉出版了《海权对历史的影响》，书中他分析了海权在历史中的作用，同时讨论了组织并维护一只可观海军的战略特点和优势。;;;;;;;;;;;;x
EVTDESC44109_NEWS_SHORT;阿尔弗雷德·赛耶·马汉出版了《海权对历史的影响》。马汉理论被认为直接导致了海军军备竞赛。;;;;;;;;;;;;x
EVTDESC44110_NEWS_LONG;$COUNTRY$：应对下层人民日益增强的反战和劳工意识，国会通过了《1799年关于制止外国人叛国及制止煽动言论的法律》的修正案，使在战争期间出言反对总统及国家政策是违法行为。这极大地打击了本国的外国人和政治避难寻求者。由于得到了最高法院一些判例的支持，该法案在半个世纪后被沃伦法院推翻前会一直有效。;;;;;;;;;;;;x
EVTDESC44110_NEWS_MEDIUM;$COUNTRY$：应对下层人民日益增强的反战和劳工意识，国会通过了《1799年关于制止外国人叛国及制止煽动言论的法律》的修正案，使在战争期间出言反对总统及国家政策是违法行为。;;;;;;;;;;;;x
EVTDESC44110_NEWS_SHORT;$COUNTRY$：应对下层人民日益增强的反战和劳工意识，国会使在战争期间出言反对总统及国家政策是违法行为。;;;;;;;;;;;;x
EVTDESC44111_NEWS_LONG;$COUNTRY$：平克顿这样的私家侦探，擅长逮捕火车强盗和伪造货币的不良分子。现在正在调查像莫利马圭尔社一样的秘密结社。平克顿最擅长执法行动，也因此被联邦政府雇佣，参与执法。他们声称自己几乎没时间睡觉。;;;;;;;;;;;;x
EVTDESC44111_NEWS_MEDIUM;$COUNTRY$：平克顿这样的私家侦探，擅长逮捕火车强盗和伪造货币的不良分子。现在正在调查像莫利马圭尔社一样的秘密结社。他们声称自己几乎没时间睡觉。;;;;;;;;;;;;x
EVTDESC44111_NEWS_SHORT;$COUNTRY$：平克顿这样的私家侦探，擅长逮捕火车强盗和伪造货币的不良分子。现在正在调查像莫利马圭尔社一样的秘密结社。;;;;;;;;;;;;x
EVTDESC44112_NEWS_LONG;$COUNTRY$：八只队伍联合建立了一个运营良好的棒球联盟-分别是波士顿红帽队，芝加哥白长袜队，辛辛那提红长袜队，哈特福深蓝队，路易斯维尔灰队，纽约同好队，费城运动家队和圣路易斯棕长袜队。因为其他组织存在腐败丑闻和管理混乱，他们组建了新联盟。将大城市的队伍整合起来，统一赛制、规则和管理机制，这个独特的联盟被认为能够超越一切前辈，甩开一切后辈。;;;;;;;;;;;;x
EVTDESC44112_NEWS_MEDIUM;$COUNTRY$：八只队伍联合建立了一个运营良好的棒球联盟-分别是波士顿红帽队，芝加哥白长袜队，辛辛那提红长袜队，哈特福深蓝队，路易斯维尔灰队，纽约同好队，费城运动家队和圣路易斯棕长袜队。;;;;;;;;;;;;x
EVTDESC44112_NEWS_SHORT;$COUNTRY$：八只队伍联合建立了一个运营良好的棒球联盟-分别是波士顿红帽队，芝加哥白长袜队，纽约同好队，圣路易斯棕长袜队等。;;;;;;;;;;;;x
EVTDESC44113_NEWS_LONG;$COUNTRY$：位于芝加哥德克文街帕特里克·奥利瑞家的牲口棚发生了火灾，很快传遍了商业区，烧毁17450间房屋，烧死300人，使超过98000人无家可归。接到芝加哥市长求援电话后，赶来的邻城救火队员无论如何努力，面对这场大火也无济于事。火苗最初来自一头母牛踢翻的煤油灯，但是最后却燃烧了两天两夜，摧毁了城区的绝大部分，使整个城市都需要重建。;;;;;;;;;;;;x
EVTDESC44113_NEWS_MEDIUM;位于芝加哥德克文街帕特里克·奥利瑞家的牲口棚发生了火灾，很快传遍了商业区，烧毁17450间房屋，烧死300人，使超过98000人无家可归。;;;;;;;;;;;;x
EVTDESC44113_NEWS_SHORT;位于芝加哥德克文街帕特里克·奥利瑞家的牲口棚发生了火灾，很快传遍了商业区，烧毁17450间房屋。;;;;;;;;;;;;x
EVTDESC44114_NEWS_LONG;$COUNTRY$：在第三十二场墓碑镇的枪战中，亚利桑那，怀亚特，摩根，维吉尔伊尔普三兄弟和多克赫利迪杀死了比利海林顿，汤姆和弗兰克麦克劳利两兄弟-他们政治对手，牛仔，的三名成员。执法官同牛仔间的糟糕关系起源于艾克海林顿对霍利迪已经认定的抢劫谋杀的错误证词。艾克海林顿同他的手下反复威胁伊尔普三兄弟和赫利迪，最终引发了这一枪战，三名牛仔死亡，两名执法官受伤。;;;;;;;;;;;;x
EVTDESC44114_NEWS_MEDIUM;$COUNTRY$：在第三十二场墓碑镇的枪战中，亚利桑那，怀亚特，摩根，维吉尔伊尔普三兄弟和多克赫利迪杀死了比利海林顿，汤姆和弗兰克麦克劳利两兄弟-他们政治对手，牛仔，的三名成员。艾克海林顿同他的手下反复威胁伊尔普三兄弟和赫利迪，最终引发了这一枪战，三名牛仔死亡，两名执法官受伤。;;;;;;;;;;;;x
EVTDESC44114_NEWS_SHORT;艾克海林顿同他的手下反复威胁伊尔普三兄弟和赫利迪，最终引发了这一枪战，三名牛仔死亡，两名执法官受伤。;;;;;;;;;;;;x
EVTDESC44116_NEWS_LONG;1830年代中期，宗教狂热之风横扫美国。一些牧师希望，使信仰回归于圣经原文，指引正直的灵魂。最终，这孕育了许多新的新教宗派。这些宗派在神学和仪式方面展开的争论，强化了基督教对于中下层美国人的影响。与此同时，欧洲的宗教狂热正在逐步消退。;;;;;;;;;;;;x
EVTDESC44116_NEWS_MEDIUM;1830年代中期，宗教狂热之风横扫美国。一些牧师希望，使信仰回归于圣经原文，指引正直的灵魂。最终，这孕育了许多新的新教宗派。;;;;;;;;;;;;x
EVTDESC44116_NEWS_SHORT;1830年代中期，宗教狂热之风横扫美国。一些牧师希望，使信仰回归于圣经原文，指引正直的灵魂。;;;;;;;;;;;;x
EVTDESC44117_NEWS_LONG;19世纪早期，大量新教宗派在美国兴起，这使人们开始思考未来的神学。最有影响的运动是美国的上帝一位论。强调理性对于神学，人性，进步的重要性，上帝一位论影响深远，甚至在公共教育和废奴主义方面，推动了社会进步。;;;;;;;;;;;;x
EVTDESC44117_NEWS_MEDIUM;强调理性对于神学，人性，进步的重要性，上帝一位论影响深远，甚至在公共教育和废奴主义方面，推动了社会进步。;;;;;;;;;;;;x
EVTDESC44117_NEWS_SHORT;强调理性对于神学的重要性，上帝一位论影响深远，甚至在公共教育和废奴主义方面，推动了社会进步。;;;;;;;;;;;;x
EVTDESC44118_NEWS_LONG;美国19世纪早期宗教复兴直接影响之一是志愿者组织的迅速发展。通过解决社会问题或道德问题，给不幸人带去温暖，同时利用教育让人自立，这些组织改善了社会状况。;;;;;;;;;;;;x
EVTDESC44118_NEWS_MEDIUM;美国19世纪早期宗教复兴直接影响之一是志愿者组织的迅速发展。通过解决社会问题或道德问题，给不幸人带去温暖，这些组织改善了社会状况。;;;;;;;;;;;;x
EVTDESC44118_NEWS_SHORT;美国19世纪早期宗教复兴直接影响之一是志愿者组织的迅速发展。;;;;;;;;;;;;x
EVTDESC44119_NEWS_LONG;$COUNTRY$：作为纽约1842至1864年的主教（以后是大主教），爱德华修斯，爱尔兰移民的后裔，一直在努力帮助罗马天主教移民，特别是新近的移民，融入美国社会，同时保证天主教的机构和设施在天主教的控制之下。他为教堂无私奉献了70年，并且一直反对堕胎和奴隶制。;;;;;;;;;;;;x
EVTDESC44119_NEWS_MEDIUM;$COUNTRY$：作为纽约1842至1864年的主教（以后是大主教），爱德华修斯，爱尔兰移民的后裔，一直在努力帮助罗马天主教移民，特别是新近的移民，融入美国社会。;;;;;;;;;;;;x
EVTDESC44119_NEWS_SHORT;$COUNTRY$：作为纽约1842至1864年的主教（以后是大主教），爱德华修斯，爱尔兰移民的后裔，一直在努力帮助罗马天主教移民。;;;;;;;;;;;;x
EVTDESC44120_NEWS_LONG;美国19世纪早期宗教复兴直接影响之一是反对陋习运动的不断进行。那些相信这是为主工作的人们，立志要消除这些陋习。沙龙经常是这些新时代的十字军的目标。沙龙的赞助者也时常遭受攻击。甚至政府高层也接受了节欲的思想，最终政府作为主的代言人进行干涉。;;;;;;;;;;;;x
EVTDESC44120_NEWS_MEDIUM;美国19世纪早期宗教复兴直接影响之一是反对陋习运动的不断进行。那些相信这是为主工作的人们，立志要消除这些陋习。沙龙经常是这些新时代的十字军的目标。;;;;;;;;;;;;x
EVTDESC44120_NEWS_SHORT;美国19世纪早期宗教复兴直接影响之一是反对陋习运动的不断进行。那些相信这是为主工作的人们，立志要消除这些陋习。;;;;;;;;;;;;x
EVTDESC44121_NEWS_LONG;由费城卫理公会的非裔美国人与1816年设立，非裔卫理公会教派教堂在30年代和40年代迅速发展，乘着宗教复兴之风吸纳了众多自由或者不自由的黑人。这为非裔美国人提供了一个精神慰藉，并且为挑战美国的奴隶制提供了平台。“上帝吾父，基督救世，圣灵慰藉，人类一家”是他们的座右铭。;;;;;;;;;;;;x
EVTDESC44121_NEWS_MEDIUM;由费城卫理公会的非裔美国人与1816年设立，非裔卫理公会教派教堂在30年代和40年代迅速发展，乘着宗教复兴之风吸纳了众多自由或者不自由的黑人。;;;;;;;;;;;;x
EVTDESC44121_NEWS_SHORT;由费城卫理公会的非裔美国人与1816年设立，非裔卫理公会教派教堂在30年代和40年代迅速发展。;;;;;;;;;;;;x
EVTDESC46400_NEWS_LONG;何塞-巴特列-奥多涅斯，著名记者及乌拉圭红党的领袖，使乌拉圭政治改革的相关法案获得通过。出自政治世家的奥多涅斯在他的两任总统任期内，努力地对抗帝国主义的侵略，他称之为“巴特列主义”。而且，他成功地引入了一系列扩展政府职能的改革，比如工业国有化，公共教育，高关税和补贴核心工业等。;;;;;;;;;;;;x
EVTDESC46400_NEWS_MEDIUM;何塞-巴特列-奥多涅斯，著名记者及乌拉圭红党的领袖，使乌拉圭政治改革的相关法案获得通过。他的改革包括工业国有化，公共教育，高关税和补贴核心工业等。;;;;;;;;;;;;x
EVTDESC46400_NEWS_SHORT;何塞-巴特列-奥多涅斯，著名记者及乌拉圭红党的领袖，使乌拉圭政治改革的相关法案获得通过。;;;;;;;;;;;;x
EVTDESC34700_NEWS_LONG;1837年，阿尔伯特·洛尔青最著名的歌剧《沙皇及木匠（Zar und Zimmermann）》在莱比锡首次公演。洛尔青被认为是德国歌唱剧之父。歌唱剧是传统歌剧在德国的本土化产物。虽然，公演并未获得莱比锡观众们的喜爱，但是，接下来在柏林和其他德国城市的舞台上绽放了光彩。该歌剧讲述了彼得大帝伪装成木匠前往德国英国荷兰学习西方文化和知识的故事。;;;;;;;;;;;;x
EVTDESC34700_NEWS_MEDIUM;1837年，阿尔伯特·洛尔青最著名的歌剧《沙皇及木匠（Zar und Zimmermann）》在莱比锡首次公演。该歌剧讲述了彼得大帝伪装成木匠前往德国英国荷兰学习西方文化和知识的故事。;;;;;;;;;;;;x
EVTDESC34700_NEWS_SHORT;1837年，阿尔伯特·洛尔青最著名的歌剧《沙皇及木匠（Zar und Zimmermann）》在莱比锡首次公演。洛尔青被认为是德国歌唱剧之父。;;;;;;;;;;;;x
EVTDESC34701_NEWS_LONG;戈特弗里德桑珀，萨克森公国的宫廷建筑师，完成了一件杰作，以他命名的德累斯顿宫廷剧院。他的风格兼具古典和文艺复兴风格，不止如此，德累斯顿城还因为他的作品而被称为易北河畔的佛罗伦萨。桑珀，建筑学大师，艺术评论家，著名作品不仅有他在维也纳设计的两座博物馆和一座剧院，还有为理查德瓦格纳设计的指挥棒等小玩意。;;;;;;;;;;;;x
EVTDESC34701_NEWS_MEDIUM;戈特弗里德桑珀，萨克森公国的宫廷建筑师，完成了一件杰作，以他命名的德累斯顿宫廷剧院。他的风格兼具古典和文艺复兴风格。;;;;;;;;;;;;x
EVTDESC34701_NEWS_SHORT;戈特弗里德桑珀，萨克森公国的宫廷建筑师，完成了一件杰作，以他命名的德累斯顿宫廷剧院。;;;;;;;;;;;;x
EVTDESC46800_NEWS_LONG;美国探险家海勒姆·宾厄姆，在1911年发现了印加古城马丘比丘的遗迹。马丘比丘于15世纪建造，是印加帝国权力的中心，被认为是印加国王帕查库特克的财产，也有人认为是宗教场所。宾厄姆在试图将一些艺术品带回美国做进一步研究时，被当地的秘鲁人指控偷走了他们的文化遗产。;;;;;;;;;;;;x
EVTDESC46800_NEWS_MEDIUM;美国探险家海勒姆·宾厄姆，在1911年发现了印加古城马丘比丘的遗迹。马丘比丘于15世纪建造，是印加帝国权力的中心，被认为是印加国王帕查库特克的财产。;;;;;;;;;;;;x
EVTDESC46800_NEWS_SHORT;美国探险家海勒姆·宾厄姆，在1911年发现了印加古城马丘比丘的遗迹。马丘比丘于15世纪建造，是印加帝国权力的中心。;;;;;;;;;;;;x
EVTDESC46801_NEWS_LONG;从鸟粪中获得的肥料在欧洲和北美需求旺盛。$COUNTRY_ADJ$离岛的鸟粪将给该国带来丰厚的利润。秘鲁土著一千年来一直通过这些岛屿获得肥料。最好的肥料来自三种鸟类，秘鲁鸬鹚，秘鲁鹈鹕，秘鲁铿鸟。历史学家相信印加帝国视鸟粪为珍宝，限制出入这些岛屿，甚至严厉惩罚伤害鸟类的人。;;;;;;;;;;;;x
EVTDESC46801_NEWS_MEDIUM;从鸟粪中获得的肥料在欧洲和北美需求旺盛。历史学家相信印加帝国视鸟粪为珍宝，限制出入这些岛屿，甚至严厉惩罚伤害鸟类的人。;;;;;;;;;;;;x
EVTDESC46801_NEWS_SHORT;从鸟粪中获得的肥料在欧洲和北美需求旺盛。$COUNTRY_ADJ$离岛的鸟粪将给该国带来丰厚的利润。;;;;;;;;;;;;x
EVTDESC36700_NEWS_LONG;亨德里克·康西安斯，本世纪最知名的佛兰芒小说家之一，出版了他的两部杰作之一的《佛兰芒之狮（De Vlaamse Leeuw）》。另一部是《征兵（De Loteling）》。小说描写了弗兰德伯爵罗布雷希特三世的女儿，马赫提尔同她的情人，阿道夫冯纽兰特的传奇故事。故事发生在受压迫的弗拉芒人同法国侵略者间的金马刺战役（1302年）期间。;;;;;;;;;;;;x
EVTDESC36700_NEWS_MEDIUM;亨德里克·康西安斯，本世纪最知名的佛兰芒小说家之一，出版了他的两部杰作之一的《佛兰芒之狮（De Vlaamse Leeuw）》。小说讲述了被法国压迫的佛拉芒人在金马刺战役期间的故事。佛拉芒运动很快就借本书开始宣传。;;;;;;;;;;;;x
EVTDESC36700_NEWS_SHORT;佛兰芒小说家亨德里克·康西安斯出版了《弗拉芒之狮》，讲述了被法国压迫的佛拉芒人在金马刺战役期间的故事。佛拉芒运动很快就借本书开始宣传。;;;;;;;;;;;;x
EVTDESC36701_NEWS_LONG;佛拉芒运动自去年开始。这是比利时的佛拉芒人的心声。它很快衍生出许多佛拉芒人的组织：体育俱乐部，音乐小组，剧院，文化组织等等。最初，运动是非政治的，但是，随着时间的推移，参与者愈发政治化。有报告称佛拉芒运动正打算建立政党，为佛拉芒人争取更多利益。;;;;;;;;;;;;x
EVTDESC36701_NEWS_MEDIUM;佛拉芒运动自去年开始。这是比利时的佛拉芒人的心声。最初，运动是非政治的，但是，随着时间的推移，参与者愈发政治化。有报告称佛拉芒运动正打算建立政党。;;;;;;;;;;;;x
EVTDESC36701_NEWS_SHORT;佛拉芒运动最初是非政治的，但是，随着时间的推移，参与者愈发政治化。有报告称佛拉芒运动正打算建立政党。;;;;;;;;;;;;x
EVTDESC36704_NEWS_LONG;阿道夫·萨克斯，天才音乐家，乐器制作者，来自比利时南部的那慕尔，最近公布了他的新作品：现在被称为萨克斯管的乐器。该乐器属于单簧管，兼具铜管乐器的特性，却又属于木管乐器。萨克斯管在巴黎和美国都十分流行。;;;;;;;;;;;;x
EVTDESC36704_NEWS_MEDIUM;阿道夫·萨克斯，天才音乐家，乐器制作者，来自比利时南部的那慕尔，最近公布了他的新作品：现在被称为萨克斯管的乐器。萨克斯管在巴黎和美国都十分流行。;;;;;;;;;;;;x
EVTDESC36704_NEWS_SHORT;阿道夫·萨克斯，乐器制作者，来自比利时南部的那慕尔，最近公布了他的新作品：现在被称为萨克斯管的乐器。萨克斯管在巴黎和美国都十分流行。;;;;;;;;;;;;x
EVTDESC36705_NEWS_LONG;比利时人欧内斯特·索尔维，世界知名化学家，发明了氨碱法（在化学界又被称为索尔维制碱法）。索尔维法比传统的勒布朗法更加高效。新的方法使用的都是盐卤和石灰岩这样的廉价原料。很快，工业化应用便开始了。;;;;;;;;;;;;x
EVTDESC36705_NEWS_MEDIUM;比利时人欧内斯特·索尔维，世界知名化学家，发明了氨碱法（在化学界又被称为索尔维制碱法）。很快，工业化应用便开始了。;;;;;;;;;;;;x
EVTDESC36705_NEWS_SHORT;比利时人欧内斯特·索尔维，世界知名化学家，发明了氨碱法。很快，工业化应用便开始了。;;;;;;;;;;;;x
EVTDESC36706_NEWS_LONG;神父戴梅恩·德沃斯特，是一个比利时布拉班特省蒂嫩市的神父，坐船到夏威夷群岛的莫洛凯岛去帮助这个麻风病隔离区的人们。许多当地居民感染了诸如被外来海员和贸易者带来的流感和当时被认为不治之症的麻风病。戴梅恩神父计划工作并生活中当地许多年，通过帮助真正需要帮助的人传播真正的奉献精神，尽管对于他来说这次可能是趟死亡之旅。;;;;;;;;;;;;x
EVTDESC36706_NEWS_MEDIUM;神父戴梅恩·德沃斯特，是一个比利时布拉班特省蒂嫩市的神父，坐船到夏威夷群岛的莫洛凯岛去帮助这个麻风病隔离区的人们。他计划工作并生活中当地许多年，帮助真正需要帮助的人这彰显了真正的奉献精神。;;;;;;;;;;;;x
EVTDESC36706_NEWS_SHORT;一个比利时的神父戴梅恩·德沃斯特，坐船到夏威夷群岛的莫洛凯岛去帮助这个麻风病隔离区的人们，他计划工作并生活中当地许多年。;;;;;;;;;;;;x
EVTDESC19010_NEWS_LONG;$CAPITAL$，$COUNTRY$：帝国荣耀的展示发生在$COUNTRY$。$FROMCOUNTRY_ADJ$海陆军在$CAPITAL$进行阅兵，不仅仅是炫耀他们威风的军服也包括军备上的新技术进展。著名文化品也会展示，这显示$FROMCOUNTRY_ADJ$文艺上的成就。迄今未知是否会有外国政要被邀请。;;;;;;;;;;;;x
EVTDESC19010_NEWS_MEDIUM;$CAPITAL$：帝国荣耀的展示发生在$COUNTRY$。$FROMCOUNTRY_ADJ$军队在$CAPITAL$进行阅兵，展示军北上的科技进展。著名文化品也会展示。;;;;;;;;;;;;x
EVTDESC19010_NEWS_SHORT;$CAPITAL$，$COUNTRY$：帝国荣耀的展示发生在$COUNTRY$。发起者声称迄今未知是否会有外国政要被邀请。;;;;;;;;;;;;x
EVTDESC19030_NEWS_LONG;$CAPITAL$，紧张在安纳托利亚酝酿，因为奥斯曼帝国的持续衰落使整个地区动荡不安。在非土耳其省份的民族主义和叛乱发展到引起整个国家的关注，外加和西欧比起来的相对落后，许多人相信帝国的终结仅仅是个时间上的问题。更糟糕的是，奥斯曼对基督徒的严酷对待令$FROMCOUNTRY$以他们是东方基督徒的保护者自居。;;;;;;;;;;;;x
EVTDESC19030_NEWS_MEDIUM;紧张在安纳托利亚酝酿，因为奥斯曼帝国的持续衰落使整个地区动荡不安。许多人相信帝国的终结仅仅是个时间上的问题。更糟糕的是，奥斯曼对基督徒的严酷对待令$FROMCOUNTRY$以他们是东方基督徒的保护者自居。;;;;;;;;;;;;x
EVTDESC19030_NEWS_SHORT;紧张因奥斯曼帝国的持续衰落使整个地区动荡不安而发酵。基督徒的遭遇令$FROMCOUNTRY$以他们是东方基督徒的保护者自居。;;;;;;;;;;;;x
EVTDESC19046_NEWS_LONG;埃及埋藏于地下数千年的帝王谷已被发掘出来。发现了一具保存好的预计是古埃及法老年轻人的尸体，周围是被精巧的手工制品和奇妙的财宝。帝王谷被誉为本世纪最伟大的建筑学发现，这一发现令各大学的埃及古物学系无比兴奋和充满好奇。随之发现的木乃伊被认为需要送回西方去进行进一步研究。;;;;;;;;;;;;x
EVTDESC19046_NEWS_MEDIUM;$COUNTRY_ADJ$考古学家在埃及发掘了埋藏于地下数千年的坟墓。年轻的法老尸体旁埋藏着奇妙的财宝。帝王谷被誉为本世纪最伟大的建筑学发现。;;;;;;;;;;;;x
EVTDESC19046_NEWS_SHORT;$COUNTRY_ADJ$考古学家在埃及发掘了埋藏于地下数千年的坟墓，年轻的法老尸体旁埋藏着奇妙的财宝。;;;;;;;;;;;;x
EVTDESC19310_NEWS_LONG;北京这一沉睡的巨人将要唤醒，这是外交界的共识了，这意味着中国将被视为列强。中国领导人将中国崛起归功于天命。欧洲的领导人认为这是因为西方的观念和风俗被采纳在东方。无论如何，中华这庞然大物的潜力无限而且全世界会严肃对待他。我们建议读者观察的同时增进对中华的理解。;;;;;;;;;;;;x
EVTDESC19310_NEWS_MEDIUM;北京这一沉睡的巨人将要唤醒，这是外交界的共识了，这意味着中国将被视为列强。中国领导人将中国崛起归功于天命，欧洲则认为是西方理念被采纳的功劳。;;;;;;;;;;;;x
EVTDESC19310_NEWS_SHORT;外交界认为中国将成为列强。中国领导人将中国崛起归功于天命。欧洲则认为是西方理念被采纳的功劳。;;;;;;;;;;;;x
EVTDESC19320_NEWS_LONG;东京-旭日之国，现今游子归家，被外交界视为列强。自从多年以前和西方接触的影响，勤勉的日本人在文化、工业、军事均彻底的改进，再无法将他们视为落后的野蛮人了。地缘政治学家表达对日本可能今后在亚洲扩张的关注。;;;;;;;;;;;;x
EVTDESC19320_NEWS_MEDIUM;外交界认为日本是列强。勤勉的日本人在文化、工业、军事均彻底的改进，再无法将他们视为落后的野蛮人了。;;;;;;;;;;;;x
EVTDESC19320_NEWS_SHORT;外交界认为日本是列强。勤勉的日本人在文化、工业、军事均彻底的改进，再无法将他们视为落后的野蛮人了。;;;;;;;;;;;;x
EVTDESC19355_NEWS_LONG;地缘政治学家们在上周举行了一次研讨会，达成了广泛的共识；伴随民族主义意识的崛起、军事上的自尊心以及新的可怕的战争武器，意味着将来列强们的冲突可能导致一种全新的世界大战?导致更大的领土改变、羞辱以及民族解放，尽管完全的吞并仍旧不可能。人类的倔强、智慧、暴力的天赋是否会导致地球的毁灭?只有时间能告诉我们。;;;;;;;;;;;;x
EVTDESC19355_NEWS_MEDIUM;地缘政治学家们在上周举行了一次研讨会，达成了广泛的共识；新的可怕的战争武器，意味着将来列强们的冲突可能导致一种全新的世界大战，可能导致更大的领土变化。;;;;;;;;;;;;x
EVTDESC19355_NEWS_SHORT;地缘政治学家们在上周举行了一次研讨会，达成了广泛的共识；将来列强们的冲突可能导致一种全新的世界大战?;;;;;;;;;;;;x
EVTDESC31100_NEWS_LONG;考古学家海因里希·施利曼在土耳其发掘出了失落之城-特洛伊!这一发现引起了考古学的大爆发激发了无数想象力。当他挖掘希萨利克的山区时，发现可以上溯到青铜时期以及罗马时代的古城市群。他的发现的现场被命名为普里阿摩斯的宝藏，文物由柏林博物馆收藏。他的考古工作是受了在当地进行超过60年田野工作的英国外交官弗兰克·卡尔弗特的影响。;;;;;;;;;;;;x
EVTDESC31100_NEWS_MEDIUM;考古学家海因里希·施利曼在土耳其发掘出了失落之城-特洛伊!这一发现引起了考古学的大爆发激发了无数想象力。他的发现的现场被命名为普里阿摩斯的宝藏，文物由柏林博物馆收藏。;;;;;;;;;;;;x
EVTDESC31100_NEWS_SHORT;考古学家海因里希·施利曼在土耳其发掘出了失落之城-特洛伊!这一发现引起了考古学的大爆发激发了无数想象力。;;;;;;;;;;;;x
EVTDESC31102_NEWS_LONG;$COUNTRY$位于伊斯坦布尔的首都不再安全。他们决定将政府搬到更安全的内陆安卡拉。安卡拉是世界上最古老的城市之一，据说是由神话中的弗里吉亚的国王麦德斯所建，然而历史学家认为定居早于弗里几亚人的统治而且首次建造的痕迹可以追溯到更早的哈提文明。城市的古城区主要是奥斯曼、拜占庭、罗马的建筑，这证明了安卡拉古往今来文化经济的地位。;;;;;;;;;;;;x
EVTDESC31102_NEWS_MEDIUM;$COUNTRY$位于伊斯坦布尔的首都不再安全。他们决定将政府搬到更安全的内陆安卡拉。城市的古城区主要是奥斯曼、拜占庭、罗马的建筑，这证明了安卡拉古往今来文化经济的地位。;;;;;;;;;;;;x
EVTDESC31102_NEWS_SHORT;$COUNTRY$位于伊斯坦布尔的首都不再安全。他们决定将政府搬到更安全的内陆安卡拉。;;;;;;;;;;;;x
EVTDESC31307_NEWS_LONG;奥地利的王后伊丽莎白·冯·维特巴赫，被意大利的无政府主义者路易吉·卢凯尼行刺。这起恐怖袭击发生在日内瓦的美岸酒店。“我是无政府主义者。我带着为那些对自己社会地位麻木不仁的人提供一个榜样的目的，我来日内瓦去行刺一个君主。对我而言行刺的对象是谁无所谓。本不打算行刺女性，除了皇后。她的皇冠恰好在我视线范围以内。”刺客如此解释他的行径。;;;;;;;;;;;;x
EVTDESC31307_NEWS_MEDIUM;奥地利的王后伊丽莎白·冯·维特巴赫，被意大利的无政府主义者路易吉·卢凯尼行刺。这起恐怖袭击发生在日内瓦的美岸酒店。“本不打算行刺女性，除了皇后。她的皇冠恰好在我视线范围以内。”刺客如此解释他的行径。;;;;;;;;;;;;x
EVTDESC31307_NEWS_SHORT;奥地利的王后伊丽莎白·冯·维特巴赫，被意大利的无政府主义者路易吉·卢凯尼行刺。这起恐怖袭击发生在日内瓦的美岸酒店。;;;;;;;;;;;;x
EVTDESC31308_NEWS_LONG;$COUNTRY$：社会主义国际的齐美尔瓦尔德会议在一战爆发后的1914年8月举行。战争造成的巨大伤亡使得与会代表谴责帝国主义并号召工人抵制战争。许多杰出社会主义运动代表齐聚一堂，包括来自意大利的拉扎里和莫迪利亚尼，来自俄国的列宁和布罗，德国的列杰布尔和霍夫曼，法国的布尔德龙和梅尔赫姆等人。;;;;;;;;;;;;x
EVTDESC31308_NEWS_MEDIUM;$COUNTRY$：社会主义国际的齐美尔瓦尔德会议在一战爆发后的1914年8月举行。战争造成的巨大伤亡使得与会代表谴责帝国主义并号召工人抵制战争。;;;;;;;;;;;;x
EVTDESC31308_NEWS_SHORT;$COUNTRY$：社会主义国际的齐美尔瓦尔德会议在一战爆发后的1914年8月举行。;;;;;;;;;;;;x
EVTDESC31310_NEWS_LONG;$COUNTRY$：16国签订日内瓦公约旨在改善战场伤员待遇。他们选择瑞士国旗相反作为标志：红十字白底。1818年拿破仑兵败滑铁卢后40年，他侄子1859年在北意大利的战役让许多观察家震惊。一个瑞士商人和救援活动家亨利·杜兰特见证了这次战役成千上万伤兵的糟糕待遇，提出一系列国际法去减缓伤兵痛苦。;;;;;;;;;;;;x
EVTDESC31310_NEWS_MEDIUM;$COUNTRY$：16国签订日内瓦公约旨在改善战场伤员待遇。一个瑞士商人和救援活动家亨利·杜兰特，提出一系列国际法去减缓伤兵痛苦。;;;;;;;;;;;;x
EVTDESC31310_NEWS_SHORT;$COUNTRY$：16国签订日内瓦公约旨在改善战场伤员待遇。他们选择瑞士国旗相反作为标志：红十字白底。;;;;;;;;;;;;x
EVTDESC36600_NEWS_LONG;瑞典女高音珍妮·林德1820年生于斯德哥尔摩。1838年她在斯德哥尔摩的歌剧'自由射手'中首次登场，并且40年代中期她在欧美一系列露面使她声名远扬。她是瑞典的首个巨星，以唱功精致惊人的声乐技能以及真诚自然谦逊的方式闻名。她将音乐会和歌剧赚取的大量金钱投入慈善。;;;;;;;;;;;;x
EVTDESC36600_NEWS_MEDIUM;瑞典女高音珍妮·林德1820年生于斯德哥尔摩。1838年她在斯德哥尔摩的歌剧'自由射手'中首次登场，并且40年代中期她在欧美一系列露面使她声名远扬。;;;;;;;;;;;;x
EVTDESC36600_NEWS_SHORT;T1838年瑞典女高音珍妮·林德在斯德哥尔摩的歌剧'自由射手'中首次登场，并且40年代中期她在欧美一系列露面使她声名远扬。;;;;;;;;;;;;x
EVTDESC36611_NEWS_LONG;瑞典作家奥古斯特·斯特林堡(1849-1912)最具天赋的讽刺作家之一。无论剧作、小说、还是短篇，他的作品总表现愤怒和天赋，体现自然主义、心理学、和神秘主义。1879年作品'红房间'给他带来声誉。该作品讽刺了19世纪70年代晚期乳垫的体制。他还是一个多才多艺的人，兴趣广泛包括科学、神秘学、绘画、心理学、炼金术，但仇视妇女解放!;;;;;;;;;;;;x
EVTDESC36611_NEWS_MEDIUM;瑞典作家奥古斯特·斯特林堡(1849-1912)最具天赋的讽刺作家之一。无论剧作、小说、还是短篇，他的作品总表现愤怒和天赋，体现自然主义、心理学、和神秘主义。;;;;;;;;;;;;x
EVTDESC36611_NEWS_SHORT;瑞典作家奥古斯特·斯特林堡(1849-1912)最具天赋的讽刺作家之一。无论剧作、小说、还是短篇，他的作品总表现愤怒和天赋。;;;;;;;;;;;;x
EVTDESC37700_NEWS_LONG;为稳定财政，$COUNTRY_ADJ$马德里政府充公教会财产并没给教会赔偿。而且取消了天主教堂的税收优惠，作为让步政府承担了教堂维护费。许多自由主义者认为教会在西班牙内战中支持卡洛斯，充公财产是一个裁决，这也许是鼓励国家生产的机会。;;;;;;;;;;;;x
EVTDESC37700_NEWS_MEDIUM;为稳定财政，$COUNTRY_ADJ$马德里政府充公教会财产并没给教会赔偿。而且取消了天主教堂的税收优惠，作为让步政府承担了教堂维护费。;;;;;;;;;;;;x
EVTDESC37700_NEWS_SHORT;为稳定财政，$COUNTRY_ADJ$马德里政府充公教会财产并没给教会赔偿。;;;;;;;;;;;;x
EVTDESC37701_NEWS_LONG;委内瑞拉原居民将军纳西索·洛佩兹被西班牙殖民地当局伏杀于古巴。因为他煽动人们让古巴投靠美国，但他因群众不支持而失。西班牙残忍的对待俘虏激发美国南北怒火，哪怕不支持远征古巴的。洛佩兹的尝试尽管是失败，激励了许多军事冒险家到拉美。;;;;;;;;;;;;x
EVTDESC37701_NEWS_MEDIUM;委内瑞拉原居民将军纳西索·洛佩兹被西班牙殖民地当局伏杀于古巴。因为他煽动人们让古巴投靠美国，但他因群众不支持而失败。;;;;;;;;;;;;x
EVTDESC37701_NEWS_SHORT;委内瑞拉原居民将军纳西索·洛佩兹被西班牙殖民地当局伏杀于古巴。因为他煽动人们让古巴投靠美国。;;;;;;;;;;;;x
EVTDESC37706_NEWS_LONG;西班牙画家巴勃罗·毕加索放弃了传统的画法思路，使用更多概念性的风格，是受到非洲建筑和美术影响。他是20世纪最有影响力的艺术家，他大半生在法国。他创作发展了许多不同风格，尤其是和人共同创建的立体主义。他天赋异禀，青少年时风格写实然而以后风格趋向抽象和实验形式。;;;;;;;;;;;;x
EVTDESC37706_NEWS_MEDIUM;西班牙画家巴勃罗·毕加索放弃了传统的画法思路，使用更多概念性的风格。他天赋异禀，青少年时风格写实然而以后风格趋向抽象和实验形式。;;;;;;;;;;;;x
EVTDESC37706_NEWS_SHORT;西班牙画家巴勃罗·毕加索放弃了传统的画法思路，使用更多概念性的风格，是受到非洲建筑和美术影响。;;;;;;;;;;;;x
EVTDESC32500_NEWS_LONG;$COUNTRY$：俄罗斯现代文学最有影响力的作家之一，普希金几乎让俄罗斯文学水平相当于欧洲其他国家之和，普希金以他的作品比如《尤金奥·涅金》《鲍里斯·戈杜诺夫》以及《船长的女儿》出名。由于债务缠身不受法院欢迎，他死于1837年2月与一个纠缠他妻子娜塔莉亚的法国侨民的决斗中。沙皇搬移和管制他的葬礼担心引起政治示威游行。;;;;;;;;;;;;x
EVTDESC32500_NEWS_MEDIUM;$COUNTRY$：俄罗斯现代文学最有影响力的作家之一，普希金几乎让俄罗斯文学水平相当于欧洲其他国家之和，普希金以他的作品比如《尤金奥·涅金》《鲍里斯·戈杜诺夫》以及《船长的女儿》出名。;;;;;;;;;;;;x
EVTDESC32500_NEWS_SHORT;$COUNTRY$：俄罗斯现代文学最有影响力的作家之一，普希金几乎让俄罗斯文学水平相当于欧洲其他国家之和，普希金以他的作品比如《尤金奥·涅金》《鲍里斯·戈杜诺夫》以及《船长的女儿》出名。;;;;;;;;;;;;x
EVTDESC32505_NEWS_LONG;$COUNTRY$：费奥多·陀思妥耶夫斯基于1880年完成了他的巨著《卡拉马佐夫兄弟》。该作品是文学史上最引人注意的作品之一，该喜剧是陀思妥耶夫斯基后社会主义作家主题作品的之一。一部喜剧，但是是极其严肃的喜剧。他的作品极大地影响了俄国和西方，文学、哲学和宗教学。;;;;;;;;;;;;x
EVTDESC32505_NEWS_MEDIUM;$COUNTRY$：费奥多·陀思妥耶夫斯基于1880年完成了他的巨著《卡拉马佐夫兄弟》。他的作品极大地影响了俄国和西方，文学、哲学和宗教学。;;;;;;;;;;;;x
EVTDESC32505_NEWS_SHORT;$COUNTRY$：费奥多·陀思妥耶夫斯基于1880年完成了他的巨著《卡拉马佐夫兄弟》。他的作品极大影响了俄国和西方。;;;;;;;;;;;;x
EVTDESC35700_NEWS_LONG;梵蒂冈罗马教宗良第十三的关于劳工问题的通谕以“新事”开头。分析道社会主义运动将开始扩散到更多区域。这是由于工业生产扩张导致的贫富分化，外加道德的衰退。;;;;;;;;;;;;x
EVTDESC35700_NEWS_MEDIUM;梵蒂冈教宗良第十三的关于劳工问题的通谕警告人们由于贫困和道德的衰退，社会主义运动将开始扩散到更多区域。;;;;;;;;;;;;x
EVTDESC35700_NEWS_SHORT;梵蒂冈罗马教宗良第十三的关于劳工问题的通谕警告社会主义运动将开始扩散到更多区域。;;;;;;;;;;;;x
EVTDESC38500_NEWS_LONG;阿曼首次船只到达新大陆，1840年苏丹娜号抵达纽约，苏丹私人代表带来了苏丹赛义德·伊本和美国进行贸易的意愿并和美国政府进行会晤。剥夺兄弟共同统治阿曼的权力后，苏丹赛义德·伊本把首都从阿曼的马斯喀特搬到桑给巴尔的石头城。他因制定对外政策和英法美签订贸易协定而闻名。在伦敦政府要求下他宣布奴隶贸易非法，尽管之前奴隶贸易是阿曼首要经济支柱。;;;;;;;;;;;;x
EVTDESC38500_NEWS_MEDIUM;阿曼首次船只到达新大陆，1840年苏丹娜号抵达纽约，苏丹私人代表带来了苏丹赛义德·伊本和美国进行贸易的意愿并和美国政府进行会晤。;;;;;;;;;;;;x
EVTDESC38500_NEWS_SHORT;阿曼首次船只到达新大陆，1840年苏丹娜号抵达纽约，苏丹私人代表带来了苏丹赛义德·伊本和美国进行贸易的意愿。;;;;;;;;;;;;x
EVTDESC36400_NEWS_LONG;爱德华·蒙克(1863-1944)，一个挪位画家，他促进表现主义和象征主义发展。他的作品对上层阶级造成极大震撼从而导致被禁。他的作品提升了社会不幸的意识。'与其他画家不同，他看到了重点并画出来'一个朋友如此为他辩解。他最出名的作品'呐喊'，有4个不同版本以一次拍卖中床下了拍卖纪录。;;;;;;;;;;;;x
EVTDESC36400_NEWS_MEDIUM;爱德华·蒙克(1863-1944)，一个挪位画家，他促进表现主义和象征主义发展。他的作品对上层阶级造成极大震撼从而导致被禁。他的作品提升了社会不幸的意识。;;;;;;;;;;;;x
EVTDESC36400_NEWS_SHORT;爱德华·蒙克(1863-1944)，一个挪位画家，他促进表现主义和象征主义发展。他的作品对上层阶级造已在成极大震撼从而导致被禁。;;;;;;;;;;;;x
EVTDESC36401_NEWS_LONG;教师伊瓦尔·奥森是一个农夫的儿子(1813-1896)看到了挪威写作语言改革的需求，那之前是用丹麦语的。通过在本国的乡村农村公社旅行，他创造了语法和'新'挪威语字典。尽管他编纂的口语在教育人民上帮助不大通过帮助他的许多诗歌成为流行歌。他去世前他的新语言被挪威国会官方认可。;;;;;;;;;;;;x
EVTDESC36401_NEWS_MEDIUM;教师伊瓦尔·奥森是一个农夫的儿子(1813-1896)看到了挪威写作语言改革的需求，那之前是用丹麦语的。他创造了语法和'新'挪威语字典。他的许多诗歌成为流行歌。;;;;;;;;;;;;x
EVTDESC36401_NEWS_SHORT;教师伊瓦尔·奥森是一个农夫的儿子(1813-1896)看到了挪威写作语言改革的需求，那之前是用丹麦语的。他创造了'新'挪威语。;;;;;;;;;;;;x
EVTDESC44000_NEWS_LONG;随着夏威夷与交接交流，新的疾病-麻风病降临这个群岛。出于对麻风病高传染性恐惧，麻风病隔离区建立在莫洛凯岛。一个比利时的传教士戴梅恩·德沃斯特到那为受害者提供帮助，16年后死于麻风病。;;;;;;;;;;;;x
EVTDESC44000_NEWS_MEDIUM;随着夏威夷与交接交流，新的疾病-麻风病降临这个群岛。出于对麻风病高传染性恐惧，麻风病隔离区建立在莫洛凯岛。;;;;;;;;;;;;x
EVTDESC44000_NEWS_SHORT;随着夏威夷与交接交流，新的疾病-麻风病降临这个群岛。麻风病隔离区建立在莫洛凯岛。;;;;;;;;;;;;x
EVTDESC36204_NEWS_LONG;1848年丹麦维京群岛奴隶叛乱。统治者彼得·冯·施赫恩决定释放他们而不是武力镇压。他引用1847年法律规定所有奴隶应当释放作为行为依据。学者认为他与黑人安娜·希格拉同居，因此受到她的影响。施赫恩的行为收到了种植园主的抵触。他因此被召回丹麦审判，但不久被最高法院判决无罪。;;;;;;;;;;;;x
EVTDESC36204_NEWS_MEDIUM;1848年丹麦维京群岛奴隶叛乱。统治者彼得·冯·施赫恩决定释放他们而不是武力镇压。他因此被召回丹麦审判，但不久被最高法院判决无罪。;;;;;;;;;;;;x
EVTDESC36204_NEWS_SHORT;1848年丹麦维京群岛奴隶叛乱。统治者彼得·冯·施赫恩决定释放他们而不是武力镇压。;;;;;;;;;;;;x
EVTDESC36217_NEWS_LONG;丹麦作家和哲学家克尔凯郭尔在1843年出版了他的作品《非此即彼》。他被认为是首个存在主义哲学家。“上帝不像普通人，对他来说是否有可见的证据并不重要，因此他能看到即使成功与否他私底下能见。他帮你去再学习从而你断绝他能否可见世俗观念”，他曾经这么解释他的神学观点。;;;;;;;;;;;;x
EVTDESC36217_NEWS_MEDIUM;丹麦作家和哲学家克尔凯郭尔在1843年出版了他的作品《非此即彼》。“对上帝来说是否有可见的证据并不重要，因此他能看到即使成功与否他私底下能见。”他曾经这么解释他的神学观点。;;;;;;;;;;;;x
EVTDESC36217_NEWS_SHORT;丹麦作家和哲学家克尔凯郭尔在1843年出版了他的作品《非此即彼》。他被认为是首个存在主义哲学家。;;;;;;;;;;;;x
EVTDESC90900_NEWS_LONG;经过多年的不平等条约、资源被掠夺、恐吓后，$COUNTRY$已和西方平起平坐。龙的传人已经苏醒可能破坏世界格局。学校和工厂的快速建立，海陆军的改革，都使得中国比得上西方国家，制度的改革提升了统治效率，基于中国巨大人力物力他们将很快成为列强。;;;;;;;;;;;;x
EVTDESC90900_NEWS_MEDIUM;经过多年的不平等条约、资源被掠夺、恐吓后，$COUNTRY$已和西方平起平坐。龙的传人已经苏醒可能破坏世界格局。中国不久将发现他们成为列强。;;;;;;;;;;;;x
EVTDESC90900_NEWS_SHORT;经过多年的不平等条约、资源被掠夺、恐吓后，$COUNTRY$已和西方平起平坐。龙的传人已经苏醒可能破坏世界格局。;;;;;;;;;;;;x
EVTDESC90902_NEWS_LONG;中国已经分崩离析。原本可以成为列强和西方对抗的中国如今陷入军阀混战，使之分裂而不是联合是西方对华策略。尽管如此，西方仍不是风平浪静，通过工业和军事的实力，其中一个军阀仍可能团结中国人使龙的传人再次崛起破坏世界格局。;;;;;;;;;;;;x
EVTDESC90902_NEWS_MEDIUM;中国已经分崩离析。原本可以成为列强和西方对抗的中国如今陷入军阀混战。;;;;;;;;;;;;x
EVTDESC90902_NEWS_SHORT;中国已经分崩离析。原本可以成为列强的中国如今陷入军阀混战。;;;;;;;;;;;;x
EVTDESC37201_NEWS_LONG;$COUNTRY$：经过三十年建造后，由拿破仑·波拿巴委托建造，让·沙尔格兰设计的凯旋门于1836年在巴黎建成。灵感来自于罗马人的凯旋门，纪念碑展示了法国大革命和拿破仑时期征战场景。这是迄今最大凯旋门，坐落在塞纳河畔在12条放射道路中间，拱门50米高45米宽22米深。;;;;;;;;;;;;x
EVTDESC37201_NEWS_MEDIUM;$COUNTRY$：经过三十年建造后，由拿破仑·波拿巴委托建造的凯旋门于1836年在巴黎建成。灵感来自于罗马人的凯旋门，纪念碑展示了法国大革命和拿破仑时期征战场景。;;;;;;;;;;;;x
EVTDESC37201_NEWS_SHORT;$COUNTRY$：经过三十年建造后，由拿破仑·波拿巴委托建造，让·沙尔格兰设计的凯旋门于1836年在巴黎建成。;;;;;;;;;;;;x
EVTDESC37204_NEWS_LONG;拿破仑·波拿巴的遗体于1840年12月由圣赫勒拿岛返回法兰西。在遗体埋葬到巴黎荣军院当天成千上万人致以敬意。基于拿破仑的遗愿'我愿让我的骨灰葬于塞纳河畔，在我深深热爱的法兰西人民之间'。拿破仑遗体埋在一个没有天花板的圆形地下室的有两块大理石平板组成的石棺，并且与他在奥斯特里茨和马伦戈的佩剑埋葬一起。;;;;;;;;;;;;x
EVTDESC37204_NEWS_MEDIUM;拿破仑·波拿巴的遗体于1840年12月由圣赫勒拿岛返回法兰西。在遗体埋葬到巴黎荣军院当天成千上万人致以敬意。;;;;;;;;;;;;x
EVTDESC37204_NEWS_SHORT;拿破仑·波拿巴的遗体于1840年12月由圣赫勒拿岛返回法兰西。成千上万人致以敬意。;;;;;;;;;;;;x
EVTDESC37213_NEWS_LONG;$COUNTRY$：1835年亚历西斯·德·托克维尔出版了《美国的民主》，一经发行在美国和法国都认为是经典。书中他谈及美国人的好讼和虔诚，一些问题深圳对于欧洲人来说仍是谜题。他是少有的多于1本经典的历史学家。他的巨作《旧制度和大革命》发表在他逝世3年前的1856年。;;;;;;;;;;;;x
EVTDESC37213_NEWS_MEDIUM;$COUNTRY$：1835年亚历西斯·德·托克维尔出版了《美国的民主》，一经发行此书在美国和法国都认为是经典。他是少有的多于1本经典的历史学家。;;;;;;;;;;;;x
EVTDESC37213_NEWS_SHORT;$COUNTRY$：1835年亚历西斯·德·托克维尔出版了《美国的民主》，一经发行在美国和法国都认为是经典。;;;;;;;;;;;;x
EVTDESC37216_NEWS_LONG;$COUNTRY$：在1894年，一个法国间谍在德国大使馆发现一个手写的摘要簿，该摘要簿写有法军秘密档案。嫌疑人是犹太上尉阿尔弗雷德·德雷福斯，他被军事法庭审批并判处在魔鬼岛无期徒刑。德雷福斯认为自己是无辜的而且不是摘要簿的作者但无效。;;;;;;;;;;;;x
EVTDESC37216_NEWS_MEDIUM;$COUNTRY$：在1894年，一个法国间谍在德国大使馆发现一个手写的摘要簿，该摘要簿写有法军秘密档案。嫌疑人是犹太上尉阿尔弗雷德·德雷福斯，他被判处在魔鬼岛无期徒刑。;;;;;;;;;;;;x
EVTDESC37216_NEWS_SHORT;$COUNTRY$：在1894年，犹太上尉阿尔弗雷德·德雷福斯被判处在魔鬼岛无期徒刑。德雷福斯认为自己无辜但无效。;;;;;;;;;;;;x
EVTDESC37217_NEWS_LONG;$COUNTRY$：在1896年，陆军上校皮卡尔发现德雷福斯被定罪的罪证摘要簿的真实作者是上校埃斯特哈奇，但埃斯特哈奇被军事法庭无罪释放。在写给法国总统的公开信中，埃米尔·左拉职责法官被军务部要求释放埃斯特哈奇。接下来在1898年，许多指控德雷福斯的证据被证明是伪造。;;;;;;;;;;;;x
EVTDESC37217_NEWS_MEDIUM;$COUNTRY$：在1896年，陆军上校皮卡尔发现德雷福斯被定罪的罪证摘要簿的真实作者是上校埃斯特哈奇，但埃斯特哈奇被军事法庭无罪释放。埃米尔·左拉职责法官被军务部要求这么做。;;;;;;;;;;;;x
EVTDESC37217_NEWS_SHORT;$COUNTRY$：在1896年，陆军上校皮卡尔发现德雷福斯被定罪的罪证摘要簿的真实作者是上校埃斯特哈奇。;;;;;;;;;;;;x
EVTDESC37218_NEWS_LONG;$COUNTRY$：当德雷福斯案件的证据被证明是捏造后，在1899年他的案件被送到法庭上诉。军事法庭拒绝承认之前判决的错误，他遭受再次被认定有罪的污蔑。尽管他被总统赦免并在1906年被认为无罪，整个事件的结果导致反教权主义、反军国主义的增长以及促进法国左派的联合。;;;;;;;;;;;;x
EVTDESC37218_NEWS_MEDIUM;$COUNTRY$：当德雷福斯案件的证据被证明是捏造后，在1899年他的案件被送到法庭上诉。军事法庭拒绝承认之前判决的错误，他遭受再次被认定有罪的污蔑。;;;;;;;;;;;;x
EVTDESC37218_NEWS_SHORT;$COUNTRY$：当德雷福斯案件的证据被证明是捏造后，在1899年他的案件被送到法庭上诉。他遭受再次被认定有罪的污蔑。;;;;;;;;;;;;x
EVTDESC37220_NEWS_LONG;$COUNTRY$：矿工之女，十四岁的伯纳黛特·苏比鲁第一次目睹了圣母玛利亚。地点是比利牛斯山北面靠近卢尔德的一处洞穴中。尽管这只是个人所见而非公开的显圣，但在1864年一次教会调查后，她的所见被天主教会官方认可，而卢尔德也成为天主教的重要朝圣圣地。圣母玛利亚向伯纳黛特所指那一处泉水，被认为只要祈祷，就能有治愈功能。;;;;;;;;;;;;x
EVTDESC37220_NEWS_MEDIUM;$COUNTRY$：矿工之女，十四岁的伯纳黛特·苏比鲁第一次目睹了圣母玛利亚。地点是比利牛斯山北面靠近卢尔德的一处洞穴中。在1864年，她的所见被天主教会官方认可。;;;;;;;;;;;;x
EVTDESC37220_NEWS_SHORT;$COUNTRY$：矿工之女，十四岁的伯纳黛特·苏比鲁第一次目睹了圣母玛利亚。地点是比利牛斯山北面靠近卢尔德的一处洞穴中。;;;;;;;;;;;;x
EVTDESC31502_NEWS_LONG;年逾67岁的奥匈帝国皇帝弗朗茨一世，其患有心理和生理疾病的儿子斐迪南一世应继任登基。由于费迪南的无能，包括克莱门斯·文策尔·梅特涅亲王在内的国家秘密会议控制了政府运作。摄政议会认为坚持拥立新皇，并宣称他能在摄政议会指导下统治国家。费迪南的唯一一句完整的命令据说是“我是皇帝，我要吃饺子”。;;;;;;;;;;;;x
EVTDESC31502_NEWS_MEDIUM;年逾67岁的奥匈帝国皇帝弗朗茨一世，其患有心理和生理疾病的儿子斐迪南一世应继任登基。摄政克莱门斯·文策尔·梅特涅亲王替皇帝控制了政府运作。;;;;;;;;;;;;x
EVTDESC31502_NEWS_SHORT;年逾67岁的奥匈帝国皇帝弗朗茨一世，其患有心理和生理疾病的儿子斐迪南一世应继任登基。摄政替皇帝控制了政府运作。;;;;;;;;;;;;x
EVTDESC31504_NEWS_LONG;塞尔维亚人伊利亚·加拉沙宁在他的著作《略图》中呼吁所有南斯拉夫人团结起来，反抗奥地利和奥斯曼的压迫。受到德法两国民族国家的启示，加拉沙宁试图解决关系到塞尔维亚人的复杂国际关系。他的著作也成为南斯拉夫人民族运动的指南，并影响了他执政生涯中的所有决策。但由于担心没有多数民意支持，他的著作直到晚年才公开。;;;;;;;;;;;;x
EVTDESC31504_NEWS_MEDIUM;塞尔维亚人伊利亚·加拉沙宁在他的著作《略图》中呼吁所有南斯拉夫人团结起来，反抗奥地利和奥斯曼的压迫。他的著作成为南斯拉夫人民族运动的指南。;;;;;;;;;;;;x
EVTDESC31504_NEWS_SHORT;塞尔维亚人伊利亚·加拉沙宁在他的著作《略图》中呼吁所有南斯拉夫人团结起来，反抗奥地利和奥斯曼的压迫。;;;;;;;;;;;;x
EVTDESC31505_NEWS_LONG;巴伐利亚公主伊丽莎白，又称茜茜公主，1854年嫁给了奥地利皇帝弗朗茨·约瑟夫一世。她行事不拘泥于传统，往往无视繁文缛节，使她身受民众爱戴。茜茜公主自幼在父亲巴伐利亚公爵马科西米利安·约瑟夫自然自由的宫廷环境下长大，她还经常逃课去乡村中骑马放纵。弗朗茨·约瑟夫一世被她的魅力和美貌所吸引，不惜和伊丽莎白虔诚的姐姐悔婚，并忤逆他母亲的意愿，执意要茜茜为其皇后，再无他人。;;;;;;;;;;;;x
EVTDESC31505_NEWS_MEDIUM;巴伐利亚公主伊丽莎白，又称茜茜公主，1854年嫁给了奥地利皇帝弗朗茨·约瑟夫一世。她行事不拘泥于传统，往往无视繁文缛节，使她身受民众爱戴。弗朗茨·约瑟夫一世被她的魅力和美貌所吸引，执意要茜茜为其皇后，再无他人。;;;;;;;;;;;;x
EVTDESC31505_NEWS_SHORT;巴伐利亚公主伊丽莎白，又称茜茜公主，1854年嫁给了奥地利皇帝弗朗茨·约瑟夫一世。她行事不拘泥于传统，往往无视繁文缛节，使她身受民众爱戴。;;;;;;;;;;;;x
EVTDESC35000_NEWS_LONG;由于深陷和德意志的战争，大不列颠萨克森-科堡-哥达王室决定断绝和德国表亲的关系并保存自己的名誉！他们现在自称温莎王室，并保管所有与温莎公爵相关的头衔。一名显赫的德意志贵族亲王接受采访时说道：“我一点也不惊讶。唉我还有更要紧的事情要办，比如看看莎士比亚的喜剧《萨克森-科堡-哥达的风流娘儿们》。”记者认为，这位德国人确实很幽默。;;;;;;;;;;;;x
EVTDESC35000_NEWS_MEDIUM;由于深陷和德意志的战争，大不列颠萨克森-科堡-哥达王室决定断绝和德国表亲的关系并保存自己的名誉！他们现在自称温莎王室，并保管所有与温莎公爵相关的头衔。;;;;;;;;;;;;x
EVTDESC35000_NEWS_SHORT;由于深陷和德意志的战争，大不列颠萨克森-科堡-哥达王室决定断绝和德国表亲的关系并自称温莎王室！;;;;;;;;;;;;x
EVTDESC33400_NEWS_LONG;上周在巴伐利亚雷根斯堡附近的多瑙施陶夫，一座新古典主义、希腊神庙外形和挪威神话命名的纪念殿堂，瓦尔哈拉神殿刚刚揭幕建成。这座华丽的纪念性建筑是多瑙河上的著名地标，建筑宏伟壮丽，以至于很远就能看到。在其中名人殿里向公众展示的著名德意志人中，不仅仅和神话中英灵殿一样，有奋勇杀敌的勇士，还有科学家、文学家、艺术家，男女皆有。;;;;;;;;;;;;x
EVTDESC33400_NEWS_MEDIUM;上周在巴伐利亚雷根斯堡附近的多瑙施陶夫，一座新古典主义、希腊神庙外形和挪威神话命名的纪念殿堂，瓦尔哈拉神殿刚刚揭幕建成。在其中名人殿里向公众展示着著名的德国人。;;;;;;;;;;;;x
EVTDESC33400_NEWS_SHORT;上周在巴伐利亚多瑙施陶夫，一座希腊神庙外形，名为瓦尔哈拉神殿刚刚揭幕建成。在其中名人殿里向公众展示着著名的德国人。;;;;;;;;;;;;x
EVTDESC33401_NEWS_LONG;来自巴伐利亚通讯报道：丑闻！国王路德维希一世因风流韵事退位。国王曾封情妇，舞者罗拉·蒙特斯为女伯爵。伊莉莎·罗萨娜·吉尔伯特（她的真名），如今的兰德斯菲尔女伯爵，自1846年起就成为国王的情妇，并在当地颇不得人心。当地人反对她归于巴伐利亚国籍并选举成为传统的贵族。保守派和天主教势力反对声势庞大，国王的韵事只能以退位告终。;;;;;;;;;;;;x
EVTDESC33401_NEWS_MEDIUM;来自巴伐利亚：丑闻！国王路德维希一世因风流韵事退位。国王曾封情妇，舞者罗拉·蒙特斯为女伯爵。保守派和天主教势力反对声势庞大，国王的韵事只能以退位告终。;;;;;;;;;;;;x
EVTDESC33401_NEWS_SHORT;巴伐利亚：丑闻！国王路德维希一世因和舞者罗拉·蒙特斯风流韵事退位。由于保守派和天主教势力的反对，国王的韵事只能以退位告终。;;;;;;;;;;;;x
EVTDESC33402_NEWS_LONG;来自巴伐利亚通讯记者：慕尼黑新美术馆这周对公众开放。这座建筑由路德维希国王下令，建筑家弗里德里希·冯·格尔特纳和奥古斯特·冯·沃伊特设计建造。该美术馆宏伟大量的馆藏重点是所谓的“现代艺术”，而不是1836年所建的旧美术馆旧大师们的收藏品。馆藏中的精华是路德维希国王最爱的慕尼黑学派和德意志浪漫主义作品。;;;;;;;;;;;;x
EVTDESC33402_NEWS_MEDIUM;来自巴伐利亚：慕尼黑新美术馆这周对公众开放。这座建筑由路德维希一世国王下令，建筑家弗里德里希·冯·格尔特纳和奥古斯特·冯·沃伊特设计建造。该美术馆宏伟大量的馆藏重点是所谓的“现代艺术”。;;;;;;;;;;;;x
EVTDESC33402_NEWS_SHORT;巴伐利亚：慕尼黑新美术馆这周对公众开放。这座建筑由路德维希一世国王下令修建，宏伟大量的馆藏重点是所谓的“现代艺术”。;;;;;;;;;;;;x
EVTDESC33403_NEWS_LONG;作曲家理查德·瓦格纳完成了拜罗伊特节日剧院的修建。自从1871年起瓦格纳就留意这片土地，能修建他梦想中的节日剧院的完美地点。不久后拜罗伊特捐增了大面积空地，他的计划得以开展。剧院计划每年举办节日，上演伟大的德国戏剧。其处女作就是瓦格纳自己的《尼贝龙根的指环》。;;;;;;;;;;;;x
EVTDESC33403_NEWS_MEDIUM;作曲家理查德·瓦格纳完成了拜罗伊特节日剧院的修建。剧院计划每年举办节日，上演伟大的德国戏剧。其处女作就是瓦格纳自己的《尼贝龙根的指环》。;;;;;;;;;;;;x
EVTDESC33403_NEWS_SHORT;作曲家理查德·瓦格纳完成了拜罗伊特节日剧院的修建。剧院计划每年举办节日，上演伟大的德国戏剧。;;;;;;;;;;;;x
EVTDESC34600_NEWS_LONG;德国教育家阿道夫·第斯多惠，柏林国立学校的开导者，最近主张儿童教育的原则是教育他们成为自觉、会思考和有责任感的公民。尽管如此，由于他也认为教会和政府都不应涉足教育，多数人认为他的观点负有争议。他的目标被认为是真正的教育职业化。他的自由主义倾向过于争议，有可能会因此停职。;;;;;;;;;;;;x
EVTDESC34600_NEWS_MEDIUM;德国教育家阿道夫·第斯多惠，最近主张儿童教育的原则是教育他们成为自觉、会思考和有责任感的公民。尽管如此，多数人认为他的观点负有争议，甚至有可能他会因此停职。;;;;;;;;;;;;x
EVTDESC34600_NEWS_SHORT;德国教育家阿道夫·第斯多惠，最近主张儿童教育的原则是教育他们成为自觉、会思考和有责任感的公民。;;;;;;;;;;;;x
EVTDESC34601_NEWS_LONG;本月德意志诗人霍夫曼·冯·法勒斯雷本出版了新诗《德意志之歌》。该诗成于赫尔戈兰岛上。诗歌唤起了建立一个统一自由德国的渴望，在很多普鲁士统一革命分子眼中和所有德意志各邦国和自由城邦中，这仍是一个遥不可及的梦想。配上奥地利约瑟夫·海顿的《上帝保佑吾皇弗朗茨》的旋律，自由主义者认为有朝一日，这将会成为德意志的国歌。;;;;;;;;;;;;x
EVTDESC34601_NEWS_MEDIUM;本月德意志诗人霍夫曼·冯·法勒斯雷本出版了新诗《德意志之歌》。配上奥地利约瑟夫·海顿的《上帝保佑吾皇弗朗茨》的旋律，人们认为有朝一日，这将会成为德意志的国歌。;;;;;;;;;;;;x
EVTDESC34601_NEWS_SHORT;霍夫曼·冯·法勒斯雷本出版了新诗《德意志之歌》，配上《上帝保佑吾皇弗朗茨》的旋律，自由主义者认为有朝一日，这将会成为德意志的国歌。;;;;;;;;;;;;x
EVTDESC34602_NEWS_LONG;来自普鲁士：上周日，腓特烈·威廉三世国王去世了，享年70岁。在他1797年登基后，他就以致力于重建他父王时期已败坏的王国内部的道德和尊严。他的统治时期以拿破仑战争和妻子梅克伦堡-施特雷利茨的露易丝对其个人生活和政治生涯不同寻常的影响而闻名。他的长子腓特烈·威廉四世，一位浪漫主义者，继承了王位。;;;;;;;;;;;;x
EVTDESC34602_NEWS_MEDIUM;来自普鲁士：上周日，腓特烈·威廉三世国王去世了，享年70岁。他的统治时期以拿破仑战争和妻子露易丝对其个人生活和政治生涯不同寻常的影响而闻名。他的长子腓特烈·威廉四世，一位浪漫主义者，继承了王位。;;;;;;;;;;;;x
EVTDESC34602_NEWS_SHORT;来自普鲁士：上周日，腓特烈·威廉三世国王去世了，享年70岁。他的长子腓特烈·威廉四世，一位浪漫主义者，继承了王位。;;;;;;;;;;;;x
EVTDESC34603_NEWS_LONG;来自普鲁士：本月柏林迎来她的第一间动物园开张，陈列了诸多异域动物。柏林大学的动物学家马丁·辛里奇·李奇登斯坦，说服了腓特烈·威廉四世国王捐献出其位于柏林蒂尔加滕的私人雉舍土地。国王还提供了一笔贷款，并从其私人豢养动物和雉舍众捐赠了第一只动物。同样的动物园已在伦敦和安特卫普开放许久，并逐渐在全欧普及。;;;;;;;;;;;;x
EVTDESC34603_NEWS_MEDIUM;本月柏林迎来她的第一间动物园开张，陈列了诸多异域动物。腓特烈·威廉四世国王从其私人豢养动物和雉舍众捐赠了第一只动物。同样的动物园已在伦敦和安特卫普普及。;;;;;;;;;;;;x
EVTDESC34603_NEWS_SHORT;本月柏林迎来她的第一间动物园开张，陈列了诸多异域动物。同样的动物园已在伦敦和安特卫普普及。;;;;;;;;;;;;x
EVTDESC34604_NEWS_LONG;经过精心谋划，普鲁士国王腓特烈·威廉四世发布了一项内阁法令，下令犹太人必须在十四天内公布选择一个指定的姓氏，从下个月开始生效。这将成为该人的家族姓氏，将来任何子女将会继承该姓氏。截止目前，德意志邦国境内皆无固定犹太人姓氏的官方规定。犹太人也要求必须进入军队服役。;;;;;;;;;;;;x
EVTDESC34604_NEWS_MEDIUM;普鲁士国王颁布法令，从下月起所有犹太人要在十四天内选择一个规定的家族姓氏，将来任何子女将会继承该姓氏。犹太人也要求必须进入军队服役。;;;;;;;;;;;;x
EVTDESC34604_NEWS_SHORT;普鲁士国王颁布法令，从下月起所有犹太人要在十四天内选择一个规定的家族继承姓氏。犹太人也要求必须进入军队服役。;;;;;;;;;;;;x
EVTDESC34605_NEWS_LONG;普鲁士天文学家约翰·格弗里恩·伽勒这周宣布发现了海王星。新行星的发现源于观察到天王星的运行轨道扰动，最后才由伽勒所确认。这些扰动现象由他的法国同僚奥本·勒维耶所发现，并通告伽勒观察天空中的某处区域，寻找可能的新天体。仔细观察后，伽勒和他的助理路德威·德亚瑞司特在预定位置观测到一颗八等亮度的未知新天体，后来被确认为一颗新行星。;;;;;;;;;;;;x
EVTDESC34605_NEWS_MEDIUM;普鲁士天文学家约翰·格弗里恩·伽勒这周宣布发现了海王星。新行星的发现源于观察到天王星的运行轨道扰动，最后才由伽勒所确认。这些扰动现象由他的法国同僚奥本·勒维耶所发现。;;;;;;;;;;;;x
EVTDESC34605_NEWS_SHORT;普鲁士天文学家约翰·格弗里恩·伽勒这周宣布发现了海王星。新行星的发现源于观察到天王星的运行轨道扰动，这些扰动现象由奥本·勒维耶所发现。;;;;;;;;;;;;x
EVTDESC34606_NEWS_LONG;改编自莎士比亚同名喜剧，歌剧《温莎的风流娘儿们》本周于普鲁士柏林皇家歌剧院首次公演。作曲者卡尔·奥托·埃亨弗里德·尼古拉和编剧赫尔曼·所罗门·莫森塔尔创造出一出三幕长达两个半小时的歌剧。其中的音乐由尼古拉本人花费三年谱写，已被狂热的评论家们认为是大师杰作，并称其为奥托·尼古拉至今以来最大的成就。;;;;;;;;;;;;x
EVTDESC34606_NEWS_MEDIUM;改编自莎士比亚同名喜剧，三幕歌剧《温莎的风流娘儿们》本周于普鲁士柏林皇家歌剧院首次公演。评论家们欣喜若狂并称其为奥托·尼古拉至今以来最大的成就。;;;;;;;;;;;;x
EVTDESC34606_NEWS_SHORT;改编自莎士比亚同名喜剧，歌剧《温莎的风流娘儿们》柏林首次公演。评论家们称其为奥托·尼古拉至今以来最大的成就。;;;;;;;;;;;;x
EVTDESC34607_NEWS_LONG;来自普鲁士：埃森市克虏伯公司为全体970名员工引进了一种医疗保险。员工们已公司管理名义强行参加该保险。此举被许多人认为是该时代中十分先进和有改革意义的，甚至认为会成为未来改善民生的政府社会改革的潜在范例。批评者则认为这仅仅是是社会主义者的胡言乱语，并指出此举是对员工人身自由的粗暴干涉。;;;;;;;;;;;;x
EVTDESC34607_NEWS_MEDIUM;来自普鲁士：埃森市克虏伯公司为全体970名员工引进了一种医疗保险。员工们已公司管理名义强行参加该保险。此举被许多人认为是有改革意义的，而批评者则认为这仅仅是是社会主义者的胡言乱语。;;;;;;;;;;;;x
EVTDESC34607_NEWS_SHORT;来自普鲁士：埃森市克虏伯公司为全体970名员工引进了一种医疗保险。员工们已公司管理名义强行参加该保险。;;;;;;;;;;;;x
EVTDESC34608_NEWS_LONG;来自柏林通讯报道：模仿英国的先例，本月普鲁士政府在受到宗教和社会人士的影响下，通过了一项旨在今年起严格限制童工数量的法案。在此之前所有试图立法限制童工的举措都遭到了众多政客们的坚决抵制。他们认为此举是一项威胁，会减缓工业发展的增速。尽管这已经是关键的里程碑，但许多人仍认为这仅仅是反对使用童工为廉价劳动力并虐待儿童的第一步。;;;;;;;;;;;;x
EVTDESC34608_NEWS_MEDIUM;来自柏林通讯报道：模仿英国的先例，本月普鲁士政府在受到宗教和社会人士的影响下，通过了一项旨在今年起严格限制童工数量的法案。;;;;;;;;;;;;x
EVTDESC34608_NEWS_SHORT;模仿英国的先例，本月普鲁士政府在受到宗教和社会人士的影响下，通过了一项旨在今年起严格限制童工数量的法案。;;;;;;;;;;;;x
EVTDESC34609_NEWS_LONG;音乐通讯：42支来自莱茵兰、巴登、黑森和弗兰肯的合唱乐团聚集法兰克福，三天庆祝莫扎特音乐节。节日准备的财政捐赠已经到位，好客热情的房主们也已安排好迎接合唱队员们的到来。上千人聚集在美因河畔迎接他们的到来。就连屋顶也挤满了热情的观光客，挥舞着手巾欢迎庆祝。但是，庆祝活动很快演变成一次宣传德意志统一的政治聚会。;;;;;;;;;;;;x
EVTDESC34609_NEWS_MEDIUM;42支来自莱茵兰、巴登、黑森和弗兰肯的合唱乐团聚集法兰克福，三天庆祝莫扎特音乐节。当地挤满了热情的观光客。但是，庆祝活动演变成一次宣传德意志统一的政治聚会。;;;;;;;;;;;;x
EVTDESC34609_NEWS_SHORT;42支合唱乐团聚集法兰克福，三天庆祝莫扎特音乐节。但是，庆祝活动演变成一次宣传德意志统一的政治聚会。;;;;;;;;;;;;x
EVTDESC33004_NEWS_LONG;石勒苏益格的德国当局计划通过强制执行德语教学和驱逐仍定居当地的丹麦人，达到镇压当地反德运动。自从多年前吞并这块争议之地以来，当地的丹麦族群和德意志族群之间的冲突已经持续了数十年。尽管德意志化一直都是当局的首要任务，但零星的抵抗运动仍在持续。该计划现在国民议会的讨论中。;;;;;;;;;;;;x
EVTDESC33004_NEWS_MEDIUM;石勒苏益格的德国当局计划通过强制执行德语教学和驱逐仍定居当地的丹麦人，达到镇压当地反德运动。该计划现在国民议会的讨论中。;;;;;;;;;;;;x
EVTDESC33004_NEWS_SHORT;石勒苏益格的德国当局计划通过强制执行德语教学和驱逐仍定居当地的丹麦人，达到镇压当地反德运动。;;;;;;;;;;;;x
EVTDESC33000_NEWS_LONG;萨克森—迈克根公国的戏班子在柏林使出浑身解数，饱受好评。戏班子的追捧者在过去数年一直稳定增加中。该戏班子风格独特，通过使用真实服饰和设备、流畅的动作、演员和背景的有机融合，来寻求一种统一戏剧设计、概念化、演出和戏剧作品的表达。他们将在全欧巡回演出。;;;;;;;;;;;;x
EVTDESC33000_NEWS_MEDIUM;萨克森—迈克根公国的戏班子在柏林使出浑身解数，饱受好评。戏班子的追捧者在过去数年一直稳定增加中，并将在全欧巡回演出。;;;;;;;;;;;;x
EVTDESC33000_NEWS_SHORT;萨克森—迈克根公国的戏班子在柏林使出浑身解数，饱受好评。他们将在全欧巡回演出。;;;;;;;;;;;;x
EVTDESC33001_NEWS_LONG;五年前，动物售卖商之子卡尔·哈根贝克在汉堡举行他第一场异族人展览，包括努比亚人和因纽特人。三年后他扩展了展览的概念，组建了一个马戏团，靠不用暴力训练动物维生。本月，哈根贝克在汉堡亮相了他的露天动物园，哈根贝克动物园。这是试图在真实环境中展现动物的这类动物园模范。他用壕沟而不是栏杆隔离游客和动物，成为这一创新理念的第一个动物园。;;;;;;;;;;;;x
EVTDESC33001_NEWS_MEDIUM;五年前，动物售卖商之子卡尔·哈根贝克在汉堡举行他第一场异族人展览。三年后他扩展了展览的概念，组建了一个马戏团，靠不用暴力训练动物维生。本月，哈根贝克在汉堡亮相了他的露天动物园。这是这类动物园的模范。;;;;;;;;;;;;x
EVTDESC33001_NEWS_SHORT;本月动物售卖商之子和以不用暴力训练动物马戏团闻名的卡尔·哈根贝克哈根贝克在汉堡亮相了他的露天动物园。这是这类动物园的模范。;;;;;;;;;;;;x
EVTDESC33002_NEWS_LONG;康拉德·杜登校长本月出版了《德语拼写完整词典》。这将会成为未来德语拼写的基石之作。许多学者还认为这是德语权威词典的完美之作。多达28000词条的词典被政府和行政圈内人士赞扬。词典很快将宣布成为官方文件的用词和拼写正确的权威来源，并被选为各国行政机关的参考文件。;;;;;;;;;;;;x
EVTDESC33002_NEWS_MEDIUM;康拉德·杜登校长本月出版了《德语拼写完整词典》。这将会成为未来德语拼写的基石之作。许多学者还认为这将是德语的权威词典。;;;;;;;;;;;;x
EVTDESC33002_NEWS_SHORT;康拉德·杜登校长本月出版了《德语拼写完整词典》。许多人还认为这将是德语的权威词典。;;;;;;;;;;;;x
EVTDESC33005_NEWS_LONG;昨日巴格达铁路宣布将会连通君士坦丁堡和巴格达。巴格达铁路是由德国全力资助的工程项目。这项工程将会使德国人和君士坦丁堡居民同时获利：一方面出于德国对伊拉克石油宣称的经济利益，一方面这将会使君士坦丁堡连接驳上遥远的城市，如安卡拉和科尼亚（伊康）。但该项目仍被认为是富有争议和与其他列强有潜在冲突的。不管怎样，这将成为君士坦丁堡和柏林之间新友谊的新象征。;;;;;;;;;;;;x
EVTDESC33005_NEWS_MEDIUM;昨日巴格达铁路宣布将会连通君士坦丁堡和巴格达。巴格达铁路是由德国全力资助的工程项目。这将成为君士坦丁堡和柏林之间新友谊的新象征。;;;;;;;;;;;;x
EVTDESC33005_NEWS_SHORT;昨日巴格达铁路宣布将会连通君士坦丁堡和巴格达。巴格达铁路是由德国全力资助的工程项目。这标志着君士坦丁堡和柏林之间的新友谊。;;;;;;;;;;;;x
EVTDESC36898_NEWS_LONG;汉诺威王室的亚历山德丽娜·维多利亚公主已登基成为大不列颠和爱尔兰联合王国的维多利亚女王。今天欢呼的伦敦市民拥护着女王到她新建成的巴金汉宫住所。各个阶层和信仰的人民都乐意看见一位新女王统治联合王国，据称女王本人也很期待着处理繁忙公事任务和挑战。不列颠人民深切缅怀其父先王乔治三世。;;;;;;;;;;;;x
EVTDESC36898_NEWS_MEDIUM;汉诺威王室的亚历山德丽娜·维多利亚公主已成为大不列颠和爱尔兰联合王国新女王。今天欢呼的伦敦市民拥护着女王到她新建成的巴金汉宫。各个阶层和信仰的人民都欢呼雀跃。女王本人也很期待着处理公事任务。;;;;;;;;;;;;x
EVTDESC36898_NEWS_SHORT;汉诺威王室的维多利亚公主已成为大不列颠和爱尔兰联合王国新女王。各个阶层和信仰的人民都欢呼雀跃。人民深切缅怀其父先王乔治三世。;;;;;;;;;;;;x
EVTDESC36901_NEWS_LONG;1838年查尔斯·狄更斯的小说《雾都孤儿》在伦敦出版。书中他让读者关注该时代中工人阶层的穷困和缺乏人权。故事跟随一名孤儿男孩的视角，从育儿园、济贫院到他最终加入伦敦的街头扒手团伙。小说聚焦于所谓的伦敦流浪儿危机，把读者的目光吸引到当时伦敦街头的大量孤儿身上。狄更斯可能是维多利亚时期最伟大的小说家，但他早年也曾遭遇过极端贫困的处境。;;;;;;;;;;;;x
EVTDESC36901_NEWS_MEDIUM;查尔斯·狄更斯的小说《雾都孤儿》在伦敦出版。故事跟随一名孤儿男孩的视角，从育儿园、济贫院到他最终加入伦敦的街头扒手团伙。小说把读者的目光吸引到当时伦敦街头大量的贫困孤儿身上。;;;;;;;;;;;;x
EVTDESC36901_NEWS_SHORT;1838年查尔斯·狄更斯的小说《雾都孤儿》在伦敦出版。书中他让读者关注该时代中工人阶层的穷困和缺乏人权。;;;;;;;;;;;;x
EVTDESC36903_NEWS_LONG;$COUNTRY$：维多利亚女王嫁给了她的表亲萨克森-科堡-哥达家族的阿尔伯特亲王。不同于当时的许多联姻，这次婚姻基于双方的互相爱慕，而非王朝的政治考量。阿尔伯特很快成为了宫廷中有重要影响的人物，并成为其妻子女王的重要陪伴和言官。这次婚姻意味着女王不必继续处于传统习俗陪伴她的母亲，她母亲随后离开了白金汉宫。;;;;;;;;;;;;x
EVTDESC36903_NEWS_MEDIUM;$COUNTRY$：维多利亚女王嫁给了她的表亲萨克森-科堡-哥达家族的阿尔伯特亲王。不同于当时的许多联姻，这次婚姻基于双方的互相爱慕，而非王朝的政治考量。;;;;;;;;;;;;x
EVTDESC36903_NEWS_SHORT;$COUNTRY$：维多利亚女王嫁给了她的表亲萨克森-科堡-哥达家族的阿尔伯特亲王。婚姻后，阿尔伯特成为了他女王妻子的重要顾问。;;;;;;;;;;;;x
EVTDESC36911_NEWS_LONG;威廉·巴特勒·叶芝第二本诗集《玫瑰》出版于1893年。至此他的作品变得更加独具风格，他对韵律和旋律的掌控显得天才至极。叶芝现在发展出独特的爱尔兰主题作品，并开始了和爱尔兰共和主义者以及美学神秘主义的长期关联。尽管早年叶芝是一个爱尔兰民族主义者，晚年的他隐藏了自己的信仰，并与十九世纪后半叶激进的爱尔兰民族运动和政治骚乱保持了一定距离。;;;;;;;;;;;;x
EVTDESC36911_NEWS_MEDIUM;威廉·巴特勒·叶芝第二本诗集《玫瑰》出版于1893年。叶芝现在发展出独特的爱尔兰主题作品，并开始了和爱尔兰共和主义者以及美学神秘主义的长期关联。;;;;;;;;;;;;x
EVTDESC36911_NEWS_SHORT;威廉·巴特勒·叶芝第二本诗集《玫瑰》出版于1893年。叶芝现在发展出独特的爱尔兰主题作品，并开始了和爱尔兰共和主义者的长期关联。;;;;;;;;;;;;x
EVTDESC36912_NEWS_LONG;1918年，虽然杰拉尔德·曼利·霍普金斯生前很反感出版，但其故后，仍出版了他的诗集。诗集向世界展示了一种新的韵律“跳韵”，并为发展中的现代主义文学运动推波助澜。虽然霍普金斯的诗集是现代主义，但同时他也被认为是一个宗教诗人。他早年就信奉天主教，并学习和教授中世纪基督教哲学。;;;;;;;;;;;;x
EVTDESC36912_NEWS_MEDIUM;1918年，虽然杰拉尔德·曼利·霍普金斯生前很反感出版，但其故后，仍出版了他的诗集。诗集向世界展示了一种新的韵律“跳韵”，并为现代主义文学推波助澜。;;;;;;;;;;;;x
EVTDESC36912_NEWS_SHORT;1918年，虽然杰拉尔德·曼利·霍普金斯生前很反感出版，但其故后，仍出版了他的诗集。;;;;;;;;;;;;x
EVTDESC36919_NEWS_LONG;弗罗伦斯·南丁格尔以现代护士的开创者而世界闻名。在最近一次战争中，英国战争大臣任命她为38名战地医院护士中的“首席夫人”。这次任命的成功直接诞生了英格兰的第一间护士学校，并引发了检查和重组英国军队医疗服务程序的建立。南丁格尔同样致力于公共卫生。医疗管理和公厕的改革。这位白衣天使身上散发着圣光，并被普遍认为是“提灯天使”。;;;;;;;;;;;;x
EVTDESC36919_NEWS_MEDIUM;弗罗伦斯·南丁格尔以现代护士的开创者而世界闻名。在最近一次战争中，英国战争大臣任命她为战地医院护士中的“首席夫人”。这位白衣天使身上散发着圣光，并被认为是“提灯天使”。;;;;;;;;;;;;x
EVTDESC36919_NEWS_SHORT;弗罗伦斯·南丁格尔以现代护士的开创者而世界闻名。这位白衣天使身上散发着圣光，并被普遍认为是“提灯天使”。;;;;;;;;;;;;x
EVTDESC36922_NEWS_LONG;伦敦椭圆形体育场上，英国和澳大利亚展开了载入史册的一场国际比赛。在长达三天的赛程中比分胶着不下，英国在最后一局中只差一次七分跑位就能击败澳大利亚。比赛激烈到一名观众因心脏受不了而死亡。体育时报发表讣告：“为了永久纪念昨日于体育场逝世的英国板球队，板球迷们聚集为圈哀悼。愿他们安息。他们的尸体将被火化，骨灰将被运往澳大利亚。”;;;;;;;;;;;;x
EVTDESC36922_NEWS_MEDIUM;伦敦椭圆形体育场上，英国和澳大利亚展开了载入史册的一场国际比赛。在长达三天的赛程中比分胶着不下，比赛激烈到一名观众因心脏受不了而死亡。澳大利亚以一次七分跑位获胜并欢呼雀跃。;;;;;;;;;;;;x
EVTDESC36922_NEWS_SHORT;英国和澳大利亚展开了载入史册的一场国际比赛。澳大利亚以一次七分跑位获胜并欢呼雀跃。一名观众因心脏病发而死亡。;;;;;;;;;;;;x
EVTDESC36923_NEWS_LONG;受尊敬的自然哲学家查尔斯·达尔文，经过他在皇家海军小猎犬号的远航中的观察，以及综合了许多同行的观察记录，就此出版了《物种起源》。其中他说道，地球上的所有生命都是由被称为“自然选择”的过程，长时间逐渐进化而成，而非上帝造物。他的观点受到激烈的争论，可以肯定即便在未来数百年内仍会争议不断。这本书是为非专业读者而著。;;;;;;;;;;;;x
EVTDESC36923_NEWS_MEDIUM;自然哲学家查尔斯·达尔文出版了《物种起源》。其中他说道，地球上的所有生命都是由被称为“自然选择”的过程，长时间逐渐进化而成，而非上帝造物。他的观点受到激烈的争论，可以肯定仍会争议不断。;;;;;;;;;;;;x
EVTDESC36923_NEWS_SHORT;科学家查尔斯·达尔文出版了《物种起源》。其中他说道，生命都是由被称为“自然选择”的过程进化而成，而非上帝造物。;;;;;;;;;;;;x
EVTDESC36925_NEWS_LONG;至少六起由臭名昭著的连环杀手，开膛手杰克犯下的谋杀妓女案，引起了维多利亚社会的震惊和恐慌。谋杀案引起的恐慌，在某种程度上唤醒了不列颠公众对伦敦东区街头的极端贫困和暴力横行的关注，尤其是谋杀事发的白教堂地区。谣言把杀手能不断逃脱抓捕的原因归于其出身于上层出身。暴行的细节过于恐怖不适于刊登于本报。;;;;;;;;;;;;x
EVTDESC36925_NEWS_MEDIUM;至少六起由开膛手杰克犯下的谋杀妓女案，引起了维多利亚社会的震惊和恐慌。谋杀案引起的恐慌，在某种程度上唤醒了不列颠公众对伦敦东区街头的极端贫困的关注。暴行的细节过于恐怖不适于刊登于本报。;;;;;;;;;;;;x
EVTDESC36925_NEWS_SHORT;至少六起由开膛手杰克犯下的谋杀妓女案，引起了维多利亚社会的震惊和恐慌。暴行的细节过于恐怖不适于刊登于本报。;;;;;;;;;;;;x
EVTDESC36929_NEWS_LONG;$COUNTRY$：建成十九个月后，邓迪附近泰河湾大桥因强风作用而垮塌。一列六节车厢的火车也因此坠落并导致所有乘客丧生。大桥的设计者汤玛斯·包治爵士因大桥设计和质量监控上的多个缺陷负责，并被解除了福斯河湾大桥设计师的职位。他作为工程师的名誉毁于一旦，数个由他牵头的项目或被取消或被采用其他建筑家的新设计。包治于年内去世。;;;;;;;;;;;;x
EVTDESC36929_NEWS_MEDIUM;$COUNTRY$：建成十九个月后，邓迪附近泰河湾大桥因强风作用而垮塌。一列六节车厢的火车也因此坠落并导致所有乘客丧生。大桥的设计者汤玛斯·包治爵士为此负全责。;;;;;;;;;;;;x
EVTDESC36929_NEWS_SHORT;$COUNTRY$：建成十九个月后，邓迪附近泰河湾大桥垮塌。一列六节车厢的火车也因此坠落并导致所有乘客丧生。;;;;;;;;;;;;x
EVTDESC36939_NEWS_LONG;$COUNTRY$：印度总督达尔豪西勋爵着手一系列改革。尽管在部分地区很不受欢迎，但这些改革都十分有效。达尔豪西通过修筑基础设施，扩建铁路、大桥和公路，发展电报网，军事和医疗改革，并出台一系列称为“无嗣失权”特殊立法，加强了英国在次大陆的统治，但也加剧了当地人的反英情绪。;;;;;;;;;;;;x
EVTDESC36939_NEWS_MEDIUM;$COUNTRY$：印度总督达尔豪西勋爵着手一系列改革。尽管在部分地区很不受欢迎，加剧了当地人反英情绪，却有效地加强了英国在次大陆的统治。;;;;;;;;;;;;x
EVTDESC36939_NEWS_SHORT;$COUNTRY$：印度总督达尔豪西勋爵着手一系列改革。尽管在部分地区很不受欢迎，但这些改革都十分有效。;;;;;;;;;;;;x
EVTDESC36940_NEWS_LONG;$COUNTRY$：成立新西兰的协定签署。毛利人首领承认维多利亚女王陛下对新西兰的统治权，以换取英国保证首领们的土地、财产、森林和渔场。毛利人和英国人所签署的文件不尽相同，让人怀疑真正起效的哪一款条约。英国人宣传毛利人统一总督统治全境，而毛利人的版本却是协议保留毛利人很大程度的自治权，允许他们自己管理内部事务。;;;;;;;;;;;;x
EVTDESC36940_NEWS_MEDIUM;$COUNTRY$：成立新西兰的协定签署。毛利人首领承认维多利亚女王陛下对新西兰的统治权，以换取英国保证首领们的土地、财产、森林和渔场。;;;;;;;;;;;;x
EVTDESC36940_NEWS_SHORT;$COUNTRY$：成立新西兰的协定签署。毛利人首领承认维多利亚女王陛下对新西兰的统治权。;;;;;;;;;;;;x
EVTDESC36941_NEWS_LONG;$COUNTRY$：毛利首领霍恩·赫克不满于英国人的态度，他数次砍到科罗拉瑞卡的英国旗杆以示抗议。由此爆发了后世所称的第一次毛利战争。尽管初期胜利使得他大胆无畏，但随后的供给紧张，补给品的缺乏和传染病导致死亡使得毛拉首领们最终请和。英国人仍维持了他们对新西兰的主权，但反抗的毛利首领却获得前所未有的崇高地位，在所有部落中都获得尊敬。;;;;;;;;;;;;x
EVTDESC36941_NEWS_MEDIUM;$COUNTRY$：毛利首领霍恩·赫克不满于英国人的态度，他数次砍到科罗拉瑞卡的英国旗杆以示抗议。由此爆发了后世所称的第一次毛利战争。反抗的首领获得尊敬但却未能赶跑英国人。;;;;;;;;;;;;x
EVTDESC36941_NEWS_SHORT;$COUNTRY$：对英国的态度不再抱有幻想，毛利人首领霍恩赫克在奥克兰多次砍倒英国国旗，抗议导致了第一次毛利战争。;;;;;;;;;;;;x