PROV1;锡特卡
PROV2;雅库塔特
PROV3;基奈
PROV4;荷兰港
PROV5;伯特利
PROV6;怀特霍斯
PROV7;道森
PROV8;罗斯河
PROV9;辛普森堡
PROV10;伊努维克
PROV11;回音湾
PROV12;依赖
PROV13;温哥华
PROV14;温哥华岛
PROV15;鲁珀特王子港
PROV16;格莱诺拉
PROV17;阿特林
PROV18;圣约翰堡
PROV19;乔治王子城
PROV20;基洛纳
PROV21;弗农
PROV22;埃德蒙顿
PROV23;阿萨巴斯卡码头
PROV24;碧玉
PROV25;班夫
PROV26;卡尔加里
PROV27;登伍德
PROV28;麦克劳德堡
PROV29;梅迪辛哈特
PROV30;里贾纳
PROV31;斯坦利
PROV32;阿尔伯特亲王城
PROV33;阿斯奎斯
PROV34;萨斯卡通
PROV35;枫溪
PROV36;温尼伯
PROV37;丘吉尔
PROV38;印第安湖
PROV39;挪威之家
PROV40;王太子
PROV41;布兰登
PROV42;彭比纳
PROV43;阿尔维亚特
PROV44;珊瑚港
PROV45;巴芬岛
PROV46;多伦多
PROV47;塞文堡
PROV48;奥尔巴尼堡
PROV49;德莱顿
PROV50;桑德贝
PROV51;苏圣玛丽
PROV52;萨德伯里
PROV53;巴里
PROV54;温莎
PROV55;汉密尔顿
PROV56;金士顿
PROV57;渥太华
PROV58;蒙特利尔
PROV59;尼切康
PROV60;鲁珀特堡
PROV61;希库蒂米
PROV62;七岛
PROV63;特米斯卡姆
PROV64;三河市
PROV65;魁北克市
PROV66;舍布鲁克
PROV67;里穆斯基
PROV68;弗雷德里克顿
PROV69;巴瑟斯特
PROV70;爱德华王子岛
PROV71;哈利法克斯
PROV72;特鲁罗
PROV73;布雷顿角岛
PROV74;圣约翰斯
PROV75;米勒敦
PROV76;霍普代尔
PROV77;圣皮埃尔和密克隆群岛
PROV78;西雅图
PROV79;斯波坎
PROV80;瓦拉瓦拉
PROV81;波特兰
PROV82;贝克城
PROV83;克拉马斯福尔斯
PROV84;旧金山
PROV85;尤里卡
PROV86;萨克拉门托
PROV87;蒙特雷
PROV88;马里波萨
PROV89;洛杉矶
PROV90;圣地亚哥
PROV91;博伊西
PROV92;科达伦
PROV93;波卡特洛
PROV94;卡森城
PROV95;埃尔科
PROV96;拉斯维加斯
PROV97;盐湖城
PROV98;神灵
PROV99;摩押
PROV100;凤凰
PROV101;弗拉格斯塔夫
PROV102;图森
PROV103;圣达菲
PROV104;阿尔伯克基
PROV105;拉斯克鲁塞斯
PROV106;丹佛
PROV107;大章克申
PROV108;阿拉莫萨
PROV109;普韦布洛
PROV110;夏安
PROV111;科迪
PROV112;卡斯帕
PROV113;博兹曼
PROV114;米苏拉
PROV115;大瀑布
PROV116;比林斯
PROV117;俾斯麦
PROV118;迈诺特
PROV119;狄金森
PROV120;苏福尔斯
PROV121;杜普雷
PROV122;拉皮德城
PROV123;奥马哈
PROV124;联盟
PROV125;北普拉特
PROV126;托皮卡
PROV127;古德兰
PROV128;威奇托
PROV129;俄克拉荷马城
PROV130;塔勒阔
PROV131;奥克马尔吉
PROV132;休斯顿
PROV133;奥斯汀
PROV134;达拉斯
PROV135;拉伯克
PROV136;埃尔帕索
PROV137;圣安东尼奥
PROV138;拉雷多
PROV139;新奥尔良
PROV140;巴吞鲁日
PROV141;查尔斯湖
PROV142;什里夫波特
PROV143;小石头
PROV144;温泉
PROV145;费耶特维尔
PROV146;圣路易斯
PROV147;乔普林
PROV148;马尔登
PROV149;杰斐逊城
PROV150;堪萨斯城
PROV151;得梅因
PROV152;奥斯卡卢萨
PROV153;锡达拉皮兹
PROV154;苏城
PROV155;明尼阿波利斯
PROV156;花岗岩瀑布
PROV157;穆尔黑德
PROV158;德卢斯
PROV159;密尔沃基
PROV160;欧克莱尔
PROV161;绿湾
PROV162;麦迪逊
PROV163;芝加哥
PROV164;罗克福德
PROV165;原野
PROV166;皮奥里亚
PROV167;斯普林菲尔德
PROV168;卡本代尔
PROV169;印第安纳波利斯
PROV170;埃文斯维尔
PROV171;南本德
PROV172;韦恩堡
PROV173;底特律
PROV174;大急流城
PROV175;萨吉诺
PROV176;特拉弗斯城
PROV177;马凯特
PROV178;克利夫兰
PROV179;哥伦布
PROV180;桑达斯基
PROV181;代顿
PROV182;辛辛那提
PROV183;玛丽埃塔
PROV184;路易斯维尔
PROV185;列克星敦
PROV186;鲍灵格林
PROV187;帕迪尤卡
PROV188;纳什维尔
PROV189;孟菲斯
PROV190;诺克斯维尔
PROV191;查塔努加
PROV192;杰克逊
PROV193;维克斯堡
PROV194;比洛克西
PROV195;蒙哥马利
PROV196;塔斯卡卢萨
PROV197;移动的
PROV198;塔拉哈西
PROV199;圣奥古斯丁
PROV200;坦帕
PROV201;亚特兰大
PROV202;瓦尔多斯塔
PROV203;百慕大
PROV204;萨凡纳
PROV205;查尔斯顿
PROV206;哥伦比亚
PROV207;格林维尔
PROV208;罗利
PROV209;夏洛特
PROV210;威尔明顿
PROV211;里士满
PROV212;马纳萨斯
PROV213;弗雷德里克斯堡
PROV214;诺福克
PROV215;斯汤顿
PROV216;罗阿诺克
PROV217;惠灵
PROV218;亨廷顿
PROV219;巴尔的摩
PROV220;华盛顿
PROV221;黑格斯敦
PROV222;多佛
PROV223;费城
PROV224;斯克兰顿
PROV225;威廉斯波特
PROV226;哈里斯堡
PROV227;匹兹堡
PROV228;伊利
PROV229;纽瓦克
PROV230;特伦顿
PROV231;大西洋城
PROV232;纽约
PROV233;长岛
PROV234;奥尔巴尼
PROV235;宾厄姆顿
PROV236;水牛
PROV237;罗切斯特
PROV238;锡拉丘兹
PROV239;沃特敦
PROV240;普拉茨堡
PROV241;哈特福德
PROV242;普罗维登斯
PROV243;波士顿
PROV244;新贝德福德
PROV245;皮茨菲尔德
PROV246;伯灵顿
PROV247;和睦
PROV248;刘易斯顿
PROV249;班戈
PROV250;驯鹿
PROV251;戈德哈布
PROV252;冰岛
PROV253;法罗群岛
PROV254;贝尔法斯特
PROV255;伦敦德里
PROV256;阿尔马
PROV257;多尼戈尔
PROV258;戈尔韦
PROV259;斯莱戈
PROV260;软木
PROV261;利默里克
PROV262;沃特福德
PROV263;都柏林
PROV264;基尔代尔
PROV265;韦克斯福德
PROV266;香港仔
PROV267;因弗内斯
PROV268;邓迪
PROV269;爱丁堡
PROV270;斯特林
PROV271;格拉斯哥
PROV272;邓弗里斯
PROV273;卡迪夫
PROV274;开襟衫
PROV275;兰德林多德
PROV276;霍利黑德
PROV277;利物浦
PROV278;曼彻斯特
PROV279;卡莱尔
PROV280;泰恩河畔纽卡斯尔
PROV281;船体
PROV282;利兹
PROV283;谢菲尔德
PROV284;伯明翰
PROV285;切斯特
PROV286;什鲁斯伯里
PROV287;考文垂
PROV288;诺丁汉
PROV289;莱斯特
PROV290;林肯
PROV291;剑桥
PROV292;伊普斯威奇
PROV293;切姆斯福德
PROV294;牛津
PROV295;圣奥尔本斯
PROV296;布里斯托尔
PROV297;索尔兹伯里
PROV298;洗澡
PROV299;普利茅斯
PROV300;伦敦
PROV301;坎特伯雷
PROV302;布莱顿
PROV303;南安普敦
PROV304;马恩岛
PROV305;特隆赫姆
PROV306;博多
PROV307;哈默菲斯特
PROV308;奥勒松
PROV309;卑尔根
PROV310;克里斯蒂安桑
PROV311;希恩
PROV312;德拉门
PROV313;克里斯蒂安尼亚
PROV314;哈马尔
PROV315;利勒哈默尔
PROV316;腓特烈斯塔
PROV317;耶夫勒
PROV318;松兹瓦尔
PROV319;厄斯特松德
PROV320;乌梅贾
PROV321;吕勒
PROV322;斯德哥尔摩
PROV323;法轮
PROV324;乌普萨拉
PROV325;诺尔雪平
PROV326;韦斯特拉斯
PROV327;厄勒布鲁
PROV328;卡尔斯塔德
PROV329;哥德堡
PROV330;博拉斯
PROV331;哥特兰岛
PROV332;卡尔马
PROV333;韦克舍
PROV334;马尔默
PROV335;卡尔斯克鲁纳
PROV336;奥卢
PROV337;卡亚尼
PROV338;托尔尼奥
PROV339;维普里
PROV340;科特卡
PROV341;米凯利
PROV342;库奥皮奥
PROV343;赫尔辛基
PROV344;海门林纳
PROV345;图尔库
PROV346;瓦萨
PROV347;坦佩雷
PROV348;兰群岛
PROV349;雷瓦尔
PROV350;纳尔瓦
PROV351;派尔努
PROV352;多帕特
PROV353;奥塞尔
PROV354;里加
PROV355;瓦尔米耶拉
PROV356;陶格夫匹尔斯
PROV357;叶尔加瓦
PROV358;文茨皮尔斯
PROV359;利耶帕亚
PROV360;维尔纽斯
PROV361;考纳斯
PROV362;马里扬波尔
PROV363;帕内韦日斯
PROV364;希奥利艾
PROV365;帕兰加
PROV366;奥尔胡斯
PROV367;奥尔堡
PROV368;里伯
PROV369;基尔
PROV370;弗伦斯堡
PROV371;奥本拉
PROV372;哥本哈根
PROV373;欧登塞
PROV374;博恩霍尔姆
PROV375;阿姆斯特丹
PROV376;鹿特丹
PROV377;乌得勒支
PROV378;米德尔堡
PROV379;埃因霍温
PROV380;布雷达
PROV381;马斯特里赫特
PROV382;阿纳姆
PROV383;格罗宁根
PROV384;兹沃勒
PROV385;吕伐登
PROV386;阿森
PROV387;布鲁塞尔
PROV388;布鲁日
PROV389;根特
PROV390;安特卫普
PROV391;哈瑟尔特
PROV392;那慕尔
PROV393;图尔奈
PROV394;沙勒罗瓦
PROV395;利奇格
PROV396;温泉
PROV397;卢森堡
PROV398;阿尔隆
PROV399;里尔
PROV400;敦刻尔克
PROV401;阿拉斯
PROV402;亚眠
PROV403;拉昂
PROV404;康布雷
PROV405;查尔维尔
PROV406;特鲁瓦
PROV407;肖蒙
PROV408;查隆斯
PROV409;斯特拉斯堡
PROV410;科尔马
PROV411;南希
PROV412;梅斯
PROV413;凡尔登
PROV414;埃皮纳勒
PROV415;鲁昂
PROV416;埃夫勒
PROV417;阿朗松
PROV418;卡昂
PROV419;海峡群岛
PROV420;布雷斯特
PROV421;圣布里厄
PROV422;瓦讷
PROV423;南特
PROV424;雷恩
PROV425;巴黎
PROV426;沙特尔
PROV427;默伦
PROV428;第戎
PROV429;欧塞尔
PROV430;穆兰
PROV431;梅肯
PROV432;贝桑松
PROV433;朗斯
PROV434;昂热
PROV435;拉瓦尔
PROV436;勒芒
PROV437;拉罗什
PROV438;奥尔良
PROV439;布尔日
PROV440;布卢瓦
PROV441;旅游
PROV442;拉罗谢尔
PROV443;普瓦捷
PROV444;安古莱姆
PROV445;利摩日
PROV446;沙托鲁
PROV447;薄纱
PROV448;克莱蒙费朗
PROV449;奥里亚克
PROV450;卡奥尔
PROV451;里昂
PROV452;圣艾蒂安
PROV453;价
PROV454;格勒诺布尔
PROV455;图卢兹
PROV456;蒙托邦
PROV457;富瓦
PROV458;波尔多
PROV459;蒙德马桑
PROV460;波城
PROV461;蒙彼利埃
PROV462;罗德兹
PROV463;卡尔卡松
PROV464;佩皮尼昂
PROV465;安纳西
PROV466;尚贝里
PROV467;马赛
PROV468;阿维尼翁
PROV469;迪涅
PROV470;土伦
PROV471;弗雷瑞斯
PROV472;好的
PROV473;科西嘉岛
PROV474;拉科鲁尼亚
PROV475;奥维耶多
PROV476;维戈
PROV477;莱昂
PROV478;桑坦德银行
PROV479;布尔戈斯
PROV480;巴利亚多利德
PROV481;索里亚
PROV482;萨拉曼卡
PROV483;阿维拉
PROV484;巴达霍斯
PROV485;阿尔门德拉莱霍
PROV486;卡塞雷斯
PROV487;马德里
PROV488;锡古恩萨
PROV489;托莱多
PROV490;昆卡
PROV491;雷阿尔城
PROV492;毕尔巴鄂
PROV493;潘普洛纳
PROV494;洛格罗尼奥
PROV495;萨拉戈萨
PROV496;韦斯卡
PROV497;特鲁埃尔
PROV498;巴塞罗那
PROV499;赫罗纳
PROV500;莱里达
PROV501;塔拉戈纳
PROV502;巴利阿里群岛
PROV503;巴伦西亚
PROV504;卡斯特利翁
PROV505;阿利坎特
PROV506;卡塔赫纳
PROV507;穆尔西亚
PROV508;阿尔瓦塞特
PROV509;塞维利亚
PROV510;科尔多瓦
PROV511;韦尔瓦
PROV512;加的斯
PROV513;格拉纳达
PROV514;马拉加
PROV515;阿尔梅里亚
PROV516;哈恩
PROV517;直布罗陀
PROV518;波尔图
PROV519;维拉·雷亚尔
PROV520;科维利亚
PROV521;里斯本
PROV522;科英布拉
PROV523;阿布兰特斯
PROV524;塞图巴尔
PROV525;埃武拉
PROV526;贝贾
PROV527;法鲁
PROV528;汉堡
PROV529;劳恩堡
PROV530;吕贝克
PROV531;施塔德
PROV532;吕讷堡
PROV533;黑尔戈兰岛
PROV534;汉诺威
PROV535;宁堡
PROV536;不伦瑞克
PROV537;哥廷根
PROV538;奥斯纳布吕克
PROV539;不来梅
PROV540;奥尔登堡
PROV541;克洛彭堡
PROV542;林根
PROV543;埃姆登
PROV544;什未林
PROV545;诺伊斯特雷利茨
PROV546;什泰廷
PROV547;斯维内明德
PROV548;施特拉尔松德
PROV549;柏林
PROV550;普伦茨劳
PROV551;普利兹沃克
PROV552;科特布斯
PROV553;马格德堡
PROV554;爱尔福特
PROV555;德绍
PROV556;哈勒
PROV557;施滕达尔
PROV558;德累斯顿
PROV559;莱比锡
PROV560;开姆尼茨
PROV561;魏玛
PROV562;哥达
PROV563;迈宁根
PROV564;法兰克福
PROV565;威斯巴登
PROV566;卡塞尔
PROV567;吉森
PROV568;富尔达
PROV569;曼海姆
PROV570;美因茨
PROV571;凯撒斯劳滕
PROV572;特里尔
PROV573;萨尔布吕肯
PROV574;克罗伊茨纳赫
PROV575;科隆
PROV576;亚琛
PROV577;克利夫斯
PROV578;杜塞尔多夫
PROV579;科布伦茨
PROV580;多特蒙德
PROV581;明斯特
PROV582;明登
PROV583;锡根
PROV584;科尔巴赫
PROV585;代特莫尔德
PROV586;卡尔斯鲁厄
PROV587;弗莱堡
PROV588;康斯坦茨
PROV589;斯图加特
PROV590;海尔布隆
PROV591;蒂宾根
PROV592;奥格斯堡
PROV593;乌尔姆
PROV594;西格马林根
PROV595;纽伦堡
PROV596;阿沙芬堡
PROV597;维尔茨堡
PROV598;拜罗伊特
PROV599;慕尼黑
PROV600;兰茨胡特
PROV601;因戈尔施塔特
PROV602;雷根斯堡
PROV603;苏黎世
PROV604;巴塞尔
PROV605;伯尔尼
PROV606;卢塞恩
PROV607;日内瓦
PROV608;纳沙泰尔
PROV609;西滕
PROV610;波纳佩
PROV611;库尔
PROV612;因斯布鲁克
PROV613;萨尔茨堡
PROV614;布雷根茨
PROV615;利恩茨
PROV616;格拉茨
PROV617;尤登堡
PROV618;克拉根福
PROV619;维也纳
PROV620;圣珀尔滕
PROV621;克雷姆斯
PROV622;林茨
PROV623;肖普朗
PROV624;艾森斯塔特
PROV625;布拉格
PROV626;赫拉德茨·克拉洛韦
PROV627;卡尔斯巴德
PROV628;奥西格
PROV629;比尔森
PROV630;布杰约维采
PROV631;布尔诺
PROV632;奥洛穆茨
PROV633;布拉迪斯拉发
PROV634;特伦辛
PROV635;尼特拉
PROV636;班斯卡·比斯特里察
PROV637;科希策
PROV638;罗兹纳瓦
PROV639;佐洛埃格塞格
PROV640;佩奇
PROV641;布达佩斯
PROV642;杰尔
PROV643;塞克希白堡
PROV644;考波什堡
PROV645;凯奇凯梅特
PROV646;米什科尔茨
PROV647;奥拉迪亚
PROV648;德布勒森
PROV649;塞格德
PROV650;贝凯什克萨巴
PROV651;萨特马尔
PROV652;特梅斯瓦尔
PROV653;雷西卡巴尼亚
PROV654;克卢日
PROV655;久拉费赫瓦尔
PROV656;德瓦
PROV657;纳吉泽本
PROV658;夏威夷
PROV659;布拉索
PROV660;乌德瓦海伊
PROV661;贝斯泰尔采
PROV662;塞尔瑙蒂
PROV663;苏恰瓦
PROV664;布加勒斯特
PROV665;特尔古吉乌
PROV666;克拉约瓦
PROV667;特尔戈维什泰
PROV668;布勒伊拉
PROV669;卡拉拉西
PROV670;雅西
PROV671;博托萨尼
PROV672;巴克乌
PROV673;加拉蒂
PROV674;康斯坦察
PROV675;图尔恰
PROV676;基希讷乌
PROV677;巴尔蒂
PROV678;伊兹梅尔
PROV679;科尔贝格
PROV680;科斯林
PROV681;屈斯特林
PROV682;布雷斯劳
PROV683;利格尼茨
PROV684;奥佩尔恩
PROV685;卡托维茨
PROV686;莱恩群岛
PROV687;格尔利茨
PROV688;特罗波
PROV689;泰辛
PROV690;但泽
PROV691;图赫尔
PROV692;德国克朗
PROV693;埃尔宾
PROV694;跑步
PROV695;柯尼斯堡
PROV696;艾伦斯坦
PROV697;古宾宁
PROV698;梅梅尔
PROV699;波森
PROV700;布罗姆伯格
PROV701;格涅兹诺
PROV702;利沃夫
PROV703;克拉科夫
PROV704;诺维·萨茨
PROV705;普热梅希尔
PROV706;华沙
PROV707;苏瓦乌基
PROV708;普沃茨克
PROV709;洛姆扎
PROV710;斯基尔涅维采
PROV711;西德利采
PROV712;罗兹
PROV713;拉多姆
PROV714;塔尔努夫
PROV715;卢布林
PROV716;凯尔采
PROV717;卡利什
PROV718;明斯克
PROV719;比亚韦斯托克
PROV720;都灵
PROV721;奥斯塔
PROV722;诺瓦拉
PROV723;亚历山德里亚
PROV724;热那亚
PROV725;萨沃纳
PROV726;米兰
PROV727;贝加莫
PROV728;布雷西亚
PROV729;威尼斯
PROV730;维罗纳
PROV731;帕多瓦
PROV732;特雷维索
PROV733;乌迪内
PROV734;特伦特
PROV735;博曾
PROV736;的里雅斯特
PROV737;戈里齐亚
PROV738;帕尔马
PROV739;摩德纳
PROV740;马萨
PROV741;博洛尼亚
PROV742;费拉拉
PROV743;拉文纳
PROV744;佛罗伦萨
PROV745;来航
PROV746;卢卡
PROV747;锡耶纳
PROV748;格罗塞托
PROV749;罗马
PROV750;维泰博
PROV751;佩鲁贾
PROV752;安科纳
PROV753;天鹰座
PROV754;那不勒斯
PROV755;萨勒诺
PROV756;巴里
PROV757;福贾
PROV758;布林迪西
PROV759;卡拉布里亚雷焦
PROV760;卡坦扎罗
PROV761;波坦察
PROV762;巴勒莫
PROV763;墨西拿
PROV764;卡塔尼亚
PROV765;卡利亚里
PROV766;萨萨里
PROV767;马里博尔
PROV768;卢布尔雅那
PROV769;波斯托伊纳
PROV770;波拉
PROV771;萨格勒布
PROV772;西萨克
PROV773;卡尔洛瓦茨
PROV774;塞尼
PROV775;瓦拉日丁
PROV776;别洛瓦尔
PROV777;波热加
PROV778;阜姆
PROV779;奥西耶克
PROV780;分裂
PROV781;扎达尔
PROV782;杜布罗夫尼克
PROV783;萨拉热窝
PROV784;比哈克
PROV785;巴尼亚卢卡
PROV786;图兹拉
PROV787;福卡
PROV788;莫斯塔尔
PROV789;利夫诺
PROV790;基特韦
PROV791;米特罗维察
PROV792;潘切沃
PROV793;武科瓦尔
PROV794;贝尔格莱德
PROV795;博尔
PROV796;克拉古耶瓦茨
PROV797;乌日采
PROV798;尼什
PROV799;莱斯科瓦茨
PROV800;乌尔齐尼
PROV801;塔希提岛
PROV802;普里什蒂纳
PROV803;普里兹伦
PROV804;新帕扎尔
PROV805;萨洛尼卡
PROV806;斯科普里
PROV807;比托拉
PROV808;佩特里奇
PROV809;苏菲亚
PROV810;维丁
PROV811;诡计
PROV812;普列文
PROV813;树门
PROV814;瓦尔纳
PROV815;普罗夫迪夫
PROV816;旧扎戈拉
PROV817;布尔加斯
PROV818;西利斯特尔
PROV819;弗洛里娜
PROV820;格雷韦纳
PROV821;埃德萨
PROV822;多陀螺仪
PROV823;卡瓦拉
PROV824;贾尼娜
PROV825;阿尔塔
PROV826;科孚岛
PROV827;桑特岛
PROV828;埃迪尔内
PROV829;克桑特
PROV830;德德加奇
PROV831;拉里萨
PROV832;沃洛斯
PROV833;特里卡拉
PROV834;雅典
PROV835;阿姆菲萨
PROV836;拉米亚
PROV837;米索隆吉
PROV838;哈尔基斯
PROV839;纳夫普利翁
PROV840;科林斯
PROV841;卡拉马塔
PROV842;帕特雷
PROV843;希俄斯
PROV844;米特林
PROV845;基克拉泽斯
PROV846;十二群岛
PROV847;干尼亚
PROV848;伊拉克利翁
PROV849;地拉那
PROV850;斯库台
PROV851;杜勒斯
PROV852;发罗勒
PROV853;吉诺卡斯特
PROV854;马耳他
PROV855;尼科西亚
PROV856;利马索尔
PROV857;法马古斯塔
PROV858;克尔克拉雷利
PROV859;加利波利
PROV860;伊斯坦布尔
PROV861;于斯屈达尔
PROV862;伊兹米特
PROV863;囊
PROV864;巴勒克西尔
PROV865;恰纳卡莱
PROV866;阿菲永
PROV867;库塔希亚
PROV868;埃斯基谢希尔
PROV869;伊兹密尔
PROV870;马尼萨
PROV871;代尼兹利
PROV872;穆拉
PROV873;科尼亚
PROV874;布尔杜尔
PROV875;安塔利亚
PROV876;安卡拉
PROV877;阿马西亚
PROV878;开塞利
PROV879;西瓦斯
PROV880;卡斯塔莫努
PROV881;博鲁
PROV882;特拉布宗
PROV883;锡诺普
PROV884;吉雷松
PROV885;卡尔斯
PROV886;阿尔达汉
PROV887;埃尔祖鲁姆
PROV888;埃尔津詹
PROV889;马拉蒂亚
PROV890;货车
PROV891;比特利斯
PROV892;哈卡里
PROV893;迪亚巴克尔
PROV894;阿达纳
PROV895;梅尔辛
PROV896;马拉什
PROV897;阿勒颇
PROV898;安泰普
PROV899;乌尔法
PROV900;安提阿
PROV901;代尔祖尔
PROV902;大马士革
PROV903;霍姆斯
PROV904;哈马
PROV905;拉塔基亚
PROV906;苏韦达
PROV907;巴尔米拉
PROV908;安曼
PROV909;杰拉什
PROV910;鲁韦希德
PROV911;马安
PROV912;巴勒贝克
PROV913;贝鲁特
PROV914;阿斯卡勒
PROV915;西顿
PROV916;英亩
PROV917;耶路撒冷
PROV918;纳布卢斯
PROV919;雅法
PROV920;加沙
PROV921;贝尔谢巴
PROV922;亚喀巴
PROV923;摩苏尔
PROV924;埃尔比勒
PROV925;基尔库克
PROV926;巴格达
PROV927;萨迈拉
PROV928;门德里
PROV929;卡尔巴拉
PROV930;库特
PROV931;鲁特巴
PROV932;巴士拉
PROV933;纳西里耶
PROV934;纳杰夫
PROV935;科威特
PROV936;格罗德诺
PROV937;布列斯特-立托夫斯克
PROV938;利达
PROV939;巴拉诺维奇
PROV940;平斯克
PROV941;斯卢茨克
PROV942;莫济里
PROV943;斯摩棱斯克
PROV944;奥尔沙
PROV945;维捷布斯克
PROV946;波洛茨克
PROV947;意大利面
PROV948;莫吉廖夫
PROV949;戈梅利
PROV950;乌兹戈罗德
PROV951;斯特里
PROV952;捷尔诺波尔
PROV953;斯坦尼斯拉沃夫
PROV954;文尼察
PROV955;普罗斯科罗夫
PROV956;罗夫讷
PROV957;科韦尔
PROV958;基辅
PROV959;科罗斯滕
PROV960;日托米尔
PROV961;切尔卡瑟
PROV962;切尔尼戈夫
PROV963;波尔塔瓦
PROV964;辛菲罗波尔
PROV965;切尔森
PROV966;刻赤
PROV967;塞瓦斯托波尔
PROV968;敖德萨
PROV969;佩沃迈斯克
PROV970;尼古拉耶夫
PROV971;克里沃·罗格
PROV972;叶卡捷琳诺斯拉夫
PROV973;梅利托波尔
PROV974;克拉马托尔斯克
PROV975;尤佐夫卡
PROV976;马里乌波尔
PROV977;库尔斯克
PROV978;哈尔科夫
PROV979;罗斯托夫
PROV980;卢甘斯克
PROV981;大天使
PROV982;佩察莫
PROV983;坎达拉克沙
PROV984;科斯托穆什卡
PROV985;梅森
PROV986;纳伦·马尔
PROV987;乌斯季西索尔斯克
PROV988;波维茨
PROV989;沃洛格达
PROV990;科特拉斯
PROV991;乌格利奇
PROV992;别洛焦尔斯克
PROV993;维特加
PROV994;圣彼得堡
PROV995;彼得罗扎沃尔斯克
PROV996;卢加
PROV997;格多夫
PROV998;特维尔
PROV999;勒热夫
PROV1000;斯塔里察
PROV1001;雅罗斯拉夫尔
PROV1002;满洲里
PROV1003;诺夫哥罗德
PROV1004;季赫温
PROV1005;博罗维奇
PROV1006;普斯科夫
PROV1007;大卢基
PROV1008;莫斯科
PROV1009;博罗季诺
PROV1010;卡卢加
PROV1011;图拉
PROV1012;梁赞
PROV1013;弗拉基米尔
PROV1014;维亚济马
PROV1015;佩列梅什尔
PROV1016;布良斯克
PROV1017;奥廖尔
PROV1018;别尔哥罗德
PROV1019;沃罗内茨
PROV1020;下诺夫哥罗德
PROV1021;奔萨
PROV1022;伊万诺沃
PROV1023;科斯托马
PROV1024;加利奇
PROV1025;坦波夫
PROV1026;烫发
PROV1027;韦特鲁加
PROV1028;维亚特卡
PROV1029;格拉索夫
PROV1030;喀山
PROV1031;萨拉普尔
PROV1032;奇斯托波尔
PROV1033;辛比尔斯克
PROV1034;萨马拉
PROV1035;塞兹兰
PROV1036;阿斯特拉罕
PROV1037;萨拉托夫
PROV1038;新乌曾斯克
PROV1039;察里津
PROV1040;扎列夫卡
PROV1041;埃利察
PROV1042;乌法
PROV1043;布苏鲁克
PROV1044;奥伦堡
PROV1045;米戈林斯卡娅
PROV1046;奇尔斯卡娅
PROV1047;亚速
PROV1048;叶卡捷琳娜达尔
PROV1049;新罗西斯克
PROV1050;斯塔夫罗波尔
PROV1051;阿迪盖伊
PROV1052;杰尔宾特
PROV1053;古尼布
PROV1054;弗拉季高加索
PROV1055;格罗兹尼
PROV1056;皮亚季戈尔斯克
PROV1057;克济利亚尔
PROV1058;叶卡捷琳堡
PROV1059;车里雅宾斯克
PROV1060;奥尔斯克
PROV1061;秋明州
PROV1062;别列佐夫
PROV1063;托木斯克
PROV1064;鄂木斯克
PROV1065;下瓦尔托夫斯克
PROV1066;托博尔斯克
PROV1067;巴尔瑙尔
PROV1068;乌拉拉
PROV1069;维柳伊斯克
PROV1070;布良卡
PROV1071;拜坦泰斯克
PROV1072;鄂霍次克
PROV1073;叶文斯克
PROV1074;彼得罗巴甫洛夫斯克
PROV1075;伊尔库茨克
PROV1076;布拉茨克
PROV1077;克拉斯诺亚尔斯克
PROV1078;赤塔
PROV1079;尼布楚
PROV1080;切尔诺明
PROV1081;夜叉
PROV1082;海神外
PROV1083;波利
PROV1084;乌特坎
PROV1085;乌鲁沙木丹
PROV1086;波戈比
PROV1087;大泊
PROV1088;舒姆舒
PROV1089;择捉
PROV1090;第比利斯
PROV1091;帕萨瑙里
PROV1092;库塔伊西
PROV1093;阿哈尔齐赫
PROV1094;波季
PROV1095;苏呼米
PROV1096;巴图姆
PROV1097;新喀里多尼亚
PROV1098;埃里文
PROV1099;久姆里
PROV1100;卡潘
PROV1101;纳希切万
PROV1102;巴库
PROV1103;西亚森
PROV1104;舍基
PROV1105;甘贾
PROV1106;阿格达姆
PROV1107;连科兰
PROV1108;大不里士
PROV1109;科沃伊
PROV1110;乌鲁米亚
PROV1111;马哈巴德
PROV1112;阿尔达比勒
PROV1113;拉什特
PROV1114;诺谢尔
PROV1115;纱丽
PROV1116;戈尔根
PROV1117;克尔曼沙赫
PROV1118;萨南达吉
PROV1119;伊拉姆
PROV1120;霍拉马巴德
PROV1121;德黑兰
PROV1122;哈马丹
PROV1123;赞詹
PROV1124;加兹温
PROV1125;库姆
PROV1126;塞姆南
PROV1127;伊斯法罕
PROV1128;阿拉克
PROV1129;卡尚
PROV1130;亚兹德
PROV1131;阿瓦士
PROV1132;阿巴丹
PROV1133;德兹富尔
PROV1134;德科德
PROV1135;设拉子
PROV1136;布什尔
PROV1137;亚苏吉
PROV1138;坎甘
PROV1139;西尔詹
PROV1140;克尔曼
PROV1141;伦格
PROV1142;阿巴斯港
PROV1143;巴姆
PROV1144;扎赫丹
PROV1145;贾斯克
PROV1146;恰巴哈尔
PROV1147;马什哈德
PROV1148;比尔詹德
PROV1149;萨布泽瓦尔
PROV1150;博伊努尔德
PROV1151;麦加
PROV1152;吉达
PROV1153;麦地那
PROV1154;塔布克
PROV1155;艾卜哈
PROV1156;卡夫
PROV1157;利雅得
PROV1158;拉夫哈
PROV1159;哈拉班
PROV1160;冰雹
PROV1161;沙鲁拉
PROV1162;巴林
PROV1163;卡蒂夫
PROV1164;胡富夫
PROV1165;多哈
PROV1166;马斯喀特
PROV1167;阿布扎比
PROV1168;迪拜
PROV1169;苏哈尔
PROV1170;尼兹瓦
PROV1171;苏尔
PROV1172;杜库姆
PROV1173;穆卡拉
PROV1174;塞拉莱
PROV1175;盖达
PROV1176;贝达
PROV1177;索科特拉岛
PROV1178;萨那
PROV1179;荷台达
PROV1180;泰兹
PROV1181;卡拉干达
PROV1182;古里耶夫
PROV1183;阿克托贝
PROV1184;科克舍套
PROV1185;亚斯
PROV1186;阿拉木图
PROV1187;塞米巴拉金斯克
PROV1188;卡拉塔尔
PROV1189;比什凯克
PROV1190;纳伦
PROV1191;希瓦
PROV1192;努库斯
PROV1193;克孜勒奥尔达
PROV1194;阿克陶
PROV1195;塔什干
PROV1196;达什霍乌兹
PROV1197;奇姆肯特
PROV1198;布哈拉
PROV1199;撒马尔罕
PROV1200;卡尔什
PROV1201;霍詹德
PROV1202;浩罕
PROV1203;奥什
PROV1204;阿什哈巴德
PROV1205;克孜勒·阿尔瓦特
PROV1206;梅尔夫
PROV1207;库洛布
PROV1208;霍鲁格
PROV1209;喀布尔
PROV1210;法扎巴德
PROV1211;巴尔赫
PROV1212;赫拉特
PROV1213;巴米扬
PROV1214;法拉
PROV1215;坎大哈
PROV1216;贾拉拉巴德
PROV1217;加兹尼
PROV1218;白沙瓦
PROV1219;奎达
PROV1220;达尔班丁
PROV1221;卡拉特
PROV1222;贝拉
PROV1223;吉特拉尔
PROV1224;斯利那加
PROV1225;吉尔吉特
PROV1226;列城
PROV1227;拉合尔
PROV1228;木尔坦
PROV1229;锡亚尔科特
PROV1230;阿托克
PROV1231;巴哈瓦尔布尔
PROV1232;沙赫普尔
PROV1233;阿姆利则
PROV1234;菲罗兹布尔
PROV1235;西姆拉
PROV1236;德里
PROV1237;帕尼帕特
PROV1238;德拉敦
PROV1239;密拉特
PROV1240;阿格拉
PROV1241;坎波尔
PROV1242;勒克瑙
PROV1243;阿拉哈巴德
PROV1244;菲扎巴德
PROV1245;贝拿勒斯
PROV1246;戈勒克布尔
PROV1247;巴特那
PROV1248;伽耶
PROV1249;卡尔斯瓦里
PROV1250;巴加尔布尔
PROV1251;加尔各答
PROV1252;大吉岭
PROV1253;巴德万
PROV1254;达卡
PROV1255;拉杰沙希
PROV1256;杰索尔
PROV1257;吉大港
PROV1258;高哈蒂
PROV1259;因帕尔
PROV1260;迪布鲁加尔
PROV1261;克塔克
PROV1262;科恩贾尔
PROV1263;桑巴尔普尔
PROV1264;阿杰梅尔
PROV1265;斋沙默尔
PROV1266;焦特布尔
PROV1267;比卡内尔
PROV1268;斋浦尔
PROV1269;乌代布尔
PROV1270;瓜廖尔
PROV1271;印多尔
PROV1272;博帕尔
PROV1273;恰塔尔布尔
PROV1274;雷瓦
PROV1275;朱布尔普尔
PROV1276;霍尚加巴德
PROV1277;那格浦尔
PROV1278;阿马拉蒂
PROV1279;贾格达尔布尔
PROV1280;赖布尔
PROV1281;比拉斯布尔
PROV1282;莱加尔
PROV1283;海得拉巴
PROV1284;奥兰加巴德
PROV1285;尼扎马巴德
PROV1286;古尔伯加
PROV1287;瓦朗加尔
PROV1288;卡拉奇
PROV1289;苏库尔
PROV1290;乌马科特
PROV1291;艾哈迈达巴德
PROV1292;拉杰果德
PROV1293;曼德维
PROV1294;帕坦
PROV1295;巴罗达
PROV1296;苏拉特
PROV1297;孟买
PROV1298;纳西克
PROV1299;浦那
PROV1300;比贾普尔
PROV1301;科尔哈布尔
PROV1302;贝尔高姆
PROV1303;果阿
PROV1304;马德拉斯
PROV1305;维扎加帕特南
PROV1306;马苏利帕特南
PROV1307;内洛尔
PROV1308;库努尔
PROV1309;坦焦雷
PROV1310;马杜赖
PROV1311;哥印拜陀
PROV1312;本地治里
PROV1313;班加罗尔
PROV1314;迈索尔
PROV1315;奇塔德鲁格
PROV1316;门格洛尔
PROV1317;卡利卡特
PROV1318;科钦
PROV1319;特里凡得琅
PROV1320;安达曼群岛
PROV1321;科伦坡
PROV1322;贾夫纳
PROV1323;康提
PROV1324;亭可马里
PROV1325;马尔代夫
PROV1326;加德满都
PROV1327;朱姆拉
PROV1328;通隆
PROV1329;廷布
PROV1330;仰光
PROV1331;勃生
PROV1332;勃固
PROV1333;东湖
PROV1334;艾娃
PROV1335;觉色
PROV1336;马格威
PROV1337;普罗梅
PROV1338;东枝
PROV1339;战舞
PROV1340;腊戍
PROV1341;葡萄
PROV1342;密支那
PROV1343;毛淡棉
PROV1344;梅尔吉
PROV1345;实兑
PROV1346;曼谷
PROV1347;华富里府
PROV1348;那空沙旺
PROV1349;素可泰
PROV1350;呵叻
PROV1351;巴真府
PROV1352;普吉岛
PROV1353;叻丕府
PROV1354;那空是贪玛叻
PROV1355;清迈
PROV1356;琅勃拉邦
PROV1357;万象
PROV1358;乌隆他尼
PROV1359;四色菊
PROV1360;香加布利
PROV1361;沙湾拿吉
PROV1362;沙拉湾
PROV1363;巴克切
PROV1364;欧东
PROV1365;尖竹汶府
PROV1366;马德望
PROV1367;贡布
PROV1368;通特伦
PROV1369;河内
PROV1370;海防
PROV1371;高平
PROV1372;山罗
PROV1373;谅山
PROV1374;清化
PROV1375;色调
PROV1376;荣市
PROV1377;图拉内
PROV1378;波来古
PROV1379;归仁
PROV1380;西贡
PROV1381;同归
PROV1382;哈蒂恩
PROV1383;永隆
PROV1384;新加坡
PROV1385;柔佛州新山
PROV1386;马六甲
PROV1387;吉隆坡
PROV1388;槟城
PROV1389;亚罗士打
PROV1390;关丹
PROV1391;哥打巴鲁
PROV1392;北大年
PROV1393;文莱
PROV1394;古晋
PROV1395;民都鲁
PROV1396;API
PROV1397;山打根
PROV1398;占碑
PROV1399;巨港
PROV1400;因代拉吉里
PROV1401;西亚克
PROV1402;丹戎槟榔
PROV1403;楠榜
PROV1404;巴叻槟榔
PROV1405;班达亚齐
PROV1406;棉兰
PROV1407;塔巴图安
PROV1408;巴东
PROV1409;西博尔加
PROV1410;明古连
PROV1411;西托利山
PROV1412;亚丁
PROV1413;巴达维亚
PROV1414;茂物
PROV1415;井里汶
PROV1416;日惹
PROV1417;三宝垄
PROV1418;泗水
PROV1419;梭罗
PROV1420;庞戈林戈
PROV1421;马都拉
PROV1422;穆拉莱夫
PROV1423;马辰
PROV1424;巴西尔
PROV1425;打拉干
PROV1426;坤甸
PROV1427;哥打瓦林金
PROV1428;新唐
PROV1429;三马林达
PROV1430;望加锡
PROV1431;骨
PROV1432;马穆朱
PROV1433;梅纳多
PROV1434;卢武克
PROV1435;巴鲁
PROV1436;肯达里
PROV1437;布伦
PROV1438;巴厘岛
PROV1439;弗洛雷斯
PROV1440;松巴哇岛
PROV1441;松巴岛
PROV1442;龙目岛
PROV1443;罗蒂
PROV1444;亚罗士打
PROV1445;考彭
PROV1446;帝力
PROV1447;特尔纳特
PROV1448;吉洛洛
PROV1449;安汶
PROV1450;陶瓷
PROV1451;阿鲁
PROV1452;比亚克
PROV1453;索龙
PROV1454;梅拉
PROV1455;马尼拉
PROV1456;维甘
PROV1457;黎牙实比
PROV1458;民都洛岛
PROV1459;巴拉望岛
PROV1460;伊洛伊洛
PROV1461;独鲁班
PROV1462;三宝颜
PROV1463;达沃
PROV1464;苏禄
PROV1465;乌尔加
PROV1466;达兰扎德加德
PROV1467;巴彦图们
PROV1468;乌利亚斯塔伊
PROV1469;克孜勒
PROV1470;安庆
PROV1471;池州
PROV1472;凤阳
PROV1473;惠州
PROV1474;泸州
PROV1475;宁国
PROV1476;泗州
PROV1477;太平
PROV1478;瀛州
PROV1479;奉天
PROV1480;锦州
PROV1481;亚瑟港
PROV1482;福州
PROV1483;建宁
PROV1484;泉州
PROV1485;台北
PROV1486;汀州
PROV1487;漳州
PROV1488;嘉峪关
PROV1489;工场
PROV1490;兰州
PROV1491;宁夏
PROV1492;平凉
PROV1493;广州
PROV1494;潮州
PROV1495;湛江
PROV1496;香港
PROV1497;惠州
PROV1498;澳门
PROV1499;海南
PROV1500;韶州
PROV1501;肇庆
PROV1502;南宁
PROV1503;桂林
PROV1504;平乐
PROV1505;贵阳
PROV1506;安顺
PROV1507;镇远
PROV1508;开封
PROV1509;指导
PROV1510;洛阳
PROV1511;郑州
PROV1512;郴州
PROV1513;南阳
PROV1514;润宁
PROV1515;伟辉
PROV1516;汉阳
PROV1517;院长
PROV1518;黄州
PROV1519;安陆
PROV1520;荆州
PROV1521;市南
PROV1522;武昌
PROV1523;襄阳
PROV1524;长沙
PROV1525;常德
PROV1526;宝庆
PROV1527;衡州
PROV1528;岳州
PROV1529;永顺
PROV1530;永州
PROV1531;新爱尔兰
PROV1532;桂花土默特
PROV1533;吉里姆·楚尔干
PROV1534;乌兰察卜楚尔甘
PROV1535;叶克·尤·楚尔甘
PROV1536;淮安
PROV1537;常州
PROV1538;上海
PROV1539;苏州
PROV1540;太仓州
PROV1541;通州
PROV1542;徐州
PROV1543;扬州
PROV1544;镇江
PROV1545;南昌
PROV1546;广信
PROV1547;健
PROV1548;建昌
PROV1549;九江
PROV1550;赣州
PROV1551;饶州
PROV1552;齐齐哈尔
PROV1553;瑷珲
PROV1554;宁古塔
PROV1555;吉林
PROV1556;马凯
PROV1557;巴勒昆戈米
PROV1558;凯古多
PROV1559;西安
PROV1560;梅劳克
PROV1561;延安
PROV1562;汉中
PROV1563;济南
PROV1564;曹州
PROV1565;莱州
PROV1566;青岛
PROV1567;青州
PROV1568;泰安
PROV1569;威海卫
PROV1570;武定
PROV1571;宜州
PROV1572;太原
PROV1573;汾州
PROV1574;六安
PROV1575;平阳
PROV1576;大同
PROV1577;重庆
PROV1578;成都
PROV1579;宝东
PROV1580;嘉定
PROV1581;夔州
PROV1582;龙眼
PROV1583;顺庆
PROV1584;铜川
PROV1585;宜宾
PROV1586;崖州
PROV1587;拉萨
PROV1588;昌都
PROV1589;日喀则
PROV1590;洛扎克
PROV1591;长塘
PROV1592;阿里
PROV1593;达旺
PROV1594;喀什
PROV1595;伊犁
PROV1596;图尔塔
PROV1597;阿克苏
PROV1598;于阗
PROV1599;哈密
PROV1600;迪胡埃
PROV1601;昆明
PROV1602;大理
PROV1603;普洱
PROV1604;杭州
PROV1605;湖州
PROV1606;嘉兴
PROV1607;金华
PROV1608;宁波
PROV1609;绍兴
PROV1610;台州
PROV1611;温州
PROV1612;北京
PROV1613;承德
PROV1614;大明
PROV1615;冀州
PROV1616;唐山
PROV1617;天津
PROV1618;中鼎
PROV1619;平壤
PROV1620;春川
PROV1621;咸兴
PROV1622;清津
PROV1623;金策
PROV1624;汉城
PROV1625;开城
PROV1626;海州
PROV1627;沙里院
PROV1628;仁川
PROV1629;元山
PROV1630;康农
PROV1631;原州
PROV1632;釜山
PROV1633;大邱
PROV1634;浦项
PROV1635;光州
PROV1636;大田
PROV1637;济州岛
PROV1638;广岛
PROV1639;冈山
PROV1640;山口
PROV1641;松江
PROV1642;函馆
PROV1643;石良
PROV1644;根穆鲁
PROV1645;新泻
PROV1646;金泽
PROV1647;福井
PROV1648;富山
PROV1649;江户
PROV1650;千叶
PROV1651;横滨
PROV1652;浦和
PROV1653;水户
PROV1654;博宁
PROV1655;大阪
PROV1656;和歌山
PROV1657;京都
PROV1658;奈良
PROV1659;科比
PROV1660;福冈
PROV1661;长崎
PROV1662;鹿儿岛
PROV1663;宫崎
PROV1664;熊本
PROV1665;高知
PROV1666;松山
PROV1667;德岛
PROV1668;仙台
PROV1669;福岛
PROV1670;盛冈
PROV1671;秋田
PROV1672;青森
PROV1673;山形
PROV1674;宇都宫
PROV1675;名古屋
PROV1676;静冈
PROV1677;长野
PROV1678;冲绳
PROV1679;阿玛瑞
PROV1680;菲斯
PROV1681;瓦赞
PROV1682;梅克内斯
PROV1683;塔扎
PROV1684;乌吉达
PROV1685;拉巴特
PROV1686;丹吉尔
PROV1687;得土安
PROV1688;阿吉迪尔
PROV1689;梅利利亚
PROV1690;马拉喀什
PROV1691;卡萨布兰卡
PROV1692;胡里布卡
PROV1693;萨维拉
PROV1694;阿加迪尔
PROV1695;伊夫尼
PROV1696;塔尔法亚
PROV1697;菲吉格
PROV1698;拉希迪亚
PROV1699;瓦尔扎扎特
PROV1700;阿尔及尔
PROV1701;蜡烛
PROV1702;塞提夫
PROV1703;美狄亚
PROV1704;奥兰
PROV1705;特莱姆森
PROV1706;穆斯塔加尼姆
PROV1707;睫毛膏
PROV1708;康斯坦丁
PROV1709;骨
PROV1710;比斯克拉
PROV1711;瓦尔格拉
PROV1712;图古尔特
PROV1713;拉格瓦特
PROV1714;贝查尔
PROV1715;纳马
PROV1716;廷杜夫
PROV1717;切纳凯内
PROV1718;在萨拉赫
PROV1719;伊利孜
PROV1720;蒂米蒙
PROV1721;位于格扎姆
PROV1722;丁·扎瓦特内
PROV1723;巴尔博亚
PROV1724;塔曼拉塞特
PROV1725;突尼斯
PROV1726;比塞大
PROV1727;加夫萨
PROV1728;凯鲁万
PROV1729;托泽尔
PROV1730;加贝斯
PROV1731;硅藻土
PROV1732;加里安
PROV1733;米苏拉塔
PROV1734;锡尔特
PROV1735;班加西
PROV1736;达纳
PROV1737;托布鲁克
PROV1738;贾格布布
PROV1739;库夫拉
PROV1740;瓦丹
PROV1741;穆尔祖克
PROV1742;萨卜哈
PROV1743;加特
PROV1744;加达米斯
PROV1745;开罗
PROV1746;杜米亚特
PROV1747;坦塔
PROV1748;曼苏拉
PROV1749;齐卡齐克
PROV1750;吉萨
PROV1751;亚历山大港
PROV1752;马特鲁
PROV1753;西迪巴拉尼
PROV1754;西瓦
PROV1755;苏伊士运河
PROV1756;阿里什
PROV1757;沙姆沙伊赫
PROV1758;法拉弗拉
PROV1759;巴维蒂
PROV1760;穆特
PROV1761;巴里斯
PROV1762;艾斯尤特
PROV1763;巴尼苏韦夫
PROV1764;明亚
PROV1765;法尤姆
PROV1766;阿斯旺
PROV1767;卢克索
PROV1768;伊德富
PROV1769;奇娜
PROV1770;古赛尔
PROV1771;阿拉姆港
PROV1772;拉斯加里布
PROV1773;阿云
PROV1774;达赫拉
PROV1775;努瓦克肖特
PROV1776;罗索
PROV1777;一条腿
PROV1778;玛哈玛
PROV1779;欣吉特
PROV1780;提吉特
PROV1781;瓦拉塔
PROV1782;比尔·穆尔海恩
PROV1783;达喀尔
PROV1784;圣路易斯
PROV1785;班珠尔
PROV1786;林盖尔
PROV1787;迪乌贝尔
PROV1788;考拉克
PROV1789;波多尔
PROV1790;马塔姆
PROV1791;巴克尔
PROV1792;济金绍尔
PROV1793;韦林加拉
PROV1794;巴马科
PROV1795;卡耶斯
PROV1796;尼奥罗
PROV1797;北
PROV1798;布古尼
PROV1799;西卡索
PROV1800;塞古
PROV1801;穆尔迪亚
PROV1802;珍妮
PROV1803;廷巴克图
PROV1804;班迪亚加拉
PROV1805;高
PROV1806;陶代尼
PROV1807;泰萨利特
PROV1808;尼亚美
PROV1809;说
PROV1810;多索
PROV1811;马拉迪
PROV1812;阿加德斯
PROV1813;阿尔利特
PROV1814;夫人
PROV1815;津德尔
PROV1816;库费
PROV1817;比尔玛
PROV1818;马森亚
PROV1819;蒙杜
PROV1820;邦戈尔
PROV1821;阿贝歇
PROV1822;安·蒂曼
PROV1823;蒙戈
PROV1824;毛
PROV1825;祖阿尔
PROV1826;法亚
PROV1827;喀土穆
PROV1828;瓦德·马达尼
PROV1829;卡萨拉
PROV1830;森纳尔
PROV1831;拉巴克
PROV1832;法绍达
PROV1833;萨瓦金
PROV1834;哈莱布
PROV1835;栋戈拉
PROV1836;哈亚
PROV1837;阿特巴拉
PROV1838;奥贝德
PROV1839;努胡德
PROV1840;卡杜克利
PROV1841;法希尔
PROV1842;朱奈纳
PROV1843;哇
PROV1844;博尔
PROV1845;延比奥
PROV1846;拉多
PROV1847;卡波埃塔
PROV1848;阿斯马拉
PROV1849;马萨瓦
PROV1850;阿科尔达特
PROV1851;阿萨布
PROV1852;贡德尔
PROV1853;德布雷·塔博尔
PROV1854;马塔马
PROV1855;德布雷·马科斯
PROV1856;阿克苏姆
PROV1857;安塔洛
PROV1858;奥萨
PROV1859;安科贝尔
PROV1860;阿瓦萨
PROV1861;阿塞利亚
PROV1862;邦加
PROV1863;阿索萨
PROV1864;内格勒
PROV1865;哈勒尔
PROV1866;戈巴
PROV1867;云达
PROV1868;摩加迪沙
PROV1869;拜多阿
PROV1870;基斯马尤
PROV1871;霍比奥
PROV1872;博萨索
PROV1873;柏培拉
PROV1874;泽拉
PROV1875;吉布提
PROV1876;佛得角
PROV1877;比绍
PROV1878;加布
PROV1879;博法
PROV1880;廷博
PROV1881;丁吉拉耶
PROV1882;坎坎
PROV1883;贝拉
PROV1884;弗里敦
PROV1885;法拉巴
PROV1886;博
PROV1887;蒙罗维亚
PROV1888;哈珀
PROV1889;波波卢
PROV1890;邦加
PROV1891;绥德鲁
PROV1892;大拉胡
PROV1893;萨珊德拉
PROV1894;大巴萨姆
PROV1895;布阿凯
PROV1896;男人
PROV1897;阿库佩
PROV1898;孔
PROV1899;邦杜库
PROV1900;奥迪安
PROV1901;瓦加杜古
PROV1902;瓦希古亚
PROV1903;多里
PROV1904;法达·恩古尔玛
PROV1905;博博·迪乌拉索
PROV1906;奥罗达罗
PROV1907;阿克拉
PROV1908;海岸角
PROV1909;塞康迪
PROV1910;库马西
PROV1911;金坦波
PROV1912;佤族
PROV1913;塔马利
PROV1914;洛美
PROV1915;何
PROV1916;延迪
PROV1917;阿塔克帕梅
PROV1918;索科德
PROV1919;科托努
PROV1920;阿波美
PROV1921;尼基
PROV1922;巨古
PROV1923;拉各斯
PROV1924;阿贝奥库塔
PROV1925;伊巴丹
PROV1926;伊费
PROV1927;伊洛林
PROV1928;贝宁
PROV1929;阿库雷
PROV1930;洛科贾
PROV1931;瓦里
PROV1932;邦尼
PROV1933;奥卡
PROV1934;卡拉巴尔
PROV1935;阿鲁楚库
PROV1936;马库尔迪
PROV1937;图卡里
PROV1938;布萨
PROV1939;扎里亚
PROV1940;比达
PROV1941;阿布贾
PROV1942;包奇
PROV1943;乔斯
PROV1944;贡贝
PROV1945;卡诺
PROV1946;凯比
PROV1947;卡齐纳
PROV1948;索科托
PROV1949;哈德嘉
PROV1950;约拉
PROV1951;库卡
PROV1952;恩古鲁
PROV1953;迪科阿
PROV1954;圣多美
PROV1955;费尔南多·波
PROV1956;杜阿拉
PROV1957;布埃亚
PROV1958;克里比
PROV1959;雅温得
PROV1960;巴富萨姆
PROV1961;巴门达
PROV1962;贝尔图阿
PROV1963;恩冈代雷
PROV1964;马鲁阿
PROV1965;班吉
PROV1966;诺拉
PROV1967;布阿尔
PROV1968;博桑戈阿
PROV1969;泽米奥
PROV1970;班加苏
PROV1971;恩代莱
PROV1972;利伯维尔
PROV1973;巴塔
PROV1974;马永贝
PROV1975;莫安达
PROV1976;马科库
PROV1977;恩库纳
PROV1978;马丁古
PROV1979;比洛卡
PROV1980;贾巴拉
PROV1981;因丰多
PROV1982;金沙萨
PROV1983;博马
PROV1984;卡南加
PROV1985;昆巴纳
PROV1986;卢桑博
PROV1987;文家
PROV1988;穆松巴
PROV1989;蒙扎
PROV1990;尼扬圭
PROV1991;乌维拉
PROV1992;巴索科
PROV1993;伊雷布
PROV1994;恩生
PROV1995;格梅纳
PROV1996;基桑加尼
PROV1997;芒巴内
PROV1998;巴拉莫
PROV1999;罗安达
PROV2000;卡宾达
PROV2001;姆班扎
PROV2002;基巴拉
PROV2003;本格拉
PROV2004;莫萨梅德斯
PROV2005;万博
PROV2006;奎托
PROV2007;马文加
PROV2008;翁吉瓦
PROV2009;马兰杰
PROV2010;蜥蜴人
PROV2011;库班达
PROV2012;卢萨卡
PROV2013;芒古
PROV2014;卡森巴
PROV2015;蒙佐
PROV2016;卡赞贝
PROV2017;卡塞马
PROV2018;奇帕塔
PROV2019;恩德培
PROV2020;姆巴拉拉
PROV2021;马辛迪
PROV2022;基特古姆
PROV2023;金贾
PROV2024;内罗毕
PROV2025;马萨比特
PROV2026;洛德瓦尔
PROV2027;纳库鲁
PROV2028;基苏木
PROV2029;蒙巴萨
PROV2030;拉穆
PROV2031;瓦吉尔
PROV2032;加里萨
PROV2033;沃伊
PROV2034;基加利
PROV2035;乌松布拉
PROV2036;达累斯萨拉姆
PROV2037;坦噶
PROV2038;基尔瓦
PROV2039;林迪
PROV2040;松盖亚
PROV2041;马萨西
PROV2042;伊林加
PROV2043;塔博拉
PROV2044;姆万扎
PROV2045;莫罗戈罗
PROV2046;宇治治
PROV2047;阿鲁沙
PROV2048;桑给巴尔
PROV2049;洛伦佐·马克斯
PROV2050;柴马特
PROV2051;伊尼扬巴内
PROV2052;马塞凯斯
PROV2053;塞纳
PROV2054;太特
PROV2055;松戈
PROV2056;尊博
PROV2057;索法拉
PROV2058;莫苏里泽
PROV2059;克利马内
PROV2060;莫桑比克
PROV2061;安戈什
PROV2062;商州
PROV2063;伊博
PROV2064;楠普拉
PROV2065;米兰格
PROV2066;松巴
PROV2067;利隆圭
PROV2068;哈拉雷
PROV2069;格韦鲁
PROV2070;穆塔雷
PROV2071;布拉瓦约
PROV2072;万吉
PROV2073;马斯温戈
PROV2074;哈博罗内
PROV2075;塞罗韦
PROV2076;诺卡能
PROV2077;察邦
PROV2078;温得和克
PROV2079;斯瓦科普蒙德
PROV2080;楚梅布
PROV2081;林亚提
PROV2082;奥特吉内内
PROV2083;鲸湾港
PROV2084;安格拉·佩克纳
PROV2085;努古斯
PROV2086;卡拉斯堡
PROV2087;开普敦
PROV2088;跳羚
PROV2089;伍斯特
PROV2090;瑞天咸
PROV2091;莫塞尔湾
PROV2092;博福特
PROV2093;卡尔维尼亚
PROV2094;金伯利
PROV2095;迪卡通
PROV2096;伊丽莎白港
PROV2097;格拉夫·雷内特
PROV2098;美尚
PROV2099;马瑟尔
PROV2100;乌姆塔塔
PROV2101;布隆方丹
PROV2102;温堡
PROV2103;菲利波利斯
PROV2104;塔巴·博修
PROV2105;比勒陀利亚
PROV2106;威特沃特斯兰德
PROV2107;克莱克斯多普
PROV2108;莫塞加
PROV2109;莱登堡
PROV2110;托霍扬杜
PROV2111;德班
PROV2112;莱迪史密斯
PROV2113;乌伦迪
PROV2114;姆巴巴内
PROV2115;塔那那利佛
PROV2116;菲亚纳兰楚阿
PROV2117;安帕尼希
PROV2118;托拉纳罗
PROV2119;图阿马西纳
PROV2120;安齐拉纳纳
PROV2121;马哈赞加
PROV2122;图利亚拉
PROV2123;科摩罗
PROV2124;马约特岛
PROV2125;毛里求斯
PROV2126;波旁酒
PROV2127;塞舌尔
PROV2128;迪戈加西亚岛
PROV2129;圣赫勒拿岛
PROV2130;扬升
PROV2131;福克兰群岛
PROV2132;特里斯坦·达库尼亚
PROV2133;南乔治亚岛
PROV2134;亚速尔群岛
PROV2135;马德拉
PROV2136;加那利群岛
PROV2137;埃莫西约
PROV2138;洛雷托
PROV2139;罗萨里托
PROV2140;诺加莱斯
PROV2141;瓜伊马斯
PROV2142;奇瓦瓦州
PROV2143;北帕索
PROV2144;德利西亚斯
PROV2145;帕拉尔
PROV2146;蒙特雷
PROV2147;莫雷洛斯州
PROV2148;雷诺萨
PROV2149;马塔莫罗斯
PROV2150;维多利亚城
PROV2151;萨尔蒂略
PROV2152;蒙克洛娃
PROV2153;杜兰戈
PROV2154;圣玛丽亚德尔金
PROV2155;托雷翁
PROV2156;马萨特兰
PROV2157;库利亚坎
PROV2158;萨卡特卡斯
PROV2159;圣路易斯波托西
PROV2160;阿瓜斯卡连特斯
PROV2161;特皮克
PROV2162;韦拉克鲁斯
PROV2163;坦皮科
PROV2164;米纳蒂特兰
PROV2165;比亚埃尔莫萨
PROV2166;瓜达拉哈拉
PROV2167;瓜纳华托
PROV2168;巴亚尔塔港
PROV2169;科利马州
PROV2170;莫雷利亚
PROV2171;洛斯阿尔瓦尼斯
PROV2172;墨西哥城
PROV2173;克雷塔罗
PROV2174;托卢卡
PROV2175;图兰辛戈
PROV2176;普埃布拉
PROV2177;瓦哈卡州
PROV2178;科拉塔罗
PROV2179;阿卡普尔科
PROV2180;奇尔潘辛戈
PROV2181;图斯特拉
PROV2182;塔帕丘拉
PROV2183;梅里达
PROV2184;坎佩切
PROV2185;巴卡拉尔
PROV2186;危地马拉
PROV2187;克萨尔特南戈
PROV2188;巴里奥斯港
PROV2189;萨亚什切
PROV2190;伯利兹
PROV2191;圣萨尔瓦多
PROV2192;生力啤酒
PROV2193;科马亚瓜
PROV2194;圣佩德罗苏拉
PROV2195;拉塞瓦
PROV2196;伦皮拉港
PROV2197;马那瓜
PROV2198;里瓦斯
PROV2199;莱昂
PROV2200;布卢菲尔兹
PROV2201;圣荷西
PROV2202;利比里亚
PROV2203;柠檬
PROV2204;巴拿马城
PROV2205;大卫
PROV2206;佩诺诺梅
PROV2207;赛因尚德
PROV2208;亚维扎
PROV2209;哈瓦那
PROV2210;美洲虎
PROV2211;卡马圭
PROV2212;古巴圣地亚哥
PROV2213;太子港
PROV2214;圣多明各
PROV2215;海地角
PROV2216;拉维加
PROV2217;牙买加
PROV2218;开曼群岛
PROV2219;巴哈马
PROV2220;特克斯和凯科斯群岛
PROV2221;南京
PROV2222;波多黎各
PROV2223;圣托马斯
PROV2224;安提瓜岛
PROV2225;蒙特塞拉特
PROV2226;托尔托拉岛
PROV2227;圣基茨
PROV2228;马提尼克岛
PROV2229;巴巴多斯
PROV2230;瓜德罗普岛
PROV2231;圣卢西亚
PROV2232;多米尼加
PROV2233;格林纳达
PROV2234;库拉索
PROV2235;阿鲁巴岛
PROV2236;圣马丁岛
PROV2237;特立尼达
PROV2238;多巴哥
PROV2239;乔治城
PROV2240;帕拉马里博
PROV2241;辣椒
PROV2242;马赫迪耶
PROV2243;埃塞奎博
PROV2244;圣诞岛
PROV2245;阿佩蒂娜
PROV2246;马里帕苏拉
PROV2247;波哥大
PROV2248;伊瓦格
PROV2249;通贾
PROV2250;马尼萨莱斯
PROV2251;库库塔
PROV2252;麦德林
PROV2253;基布多
PROV2254;卡塔赫纳
PROV2255;巴兰基亚
PROV2256;卡利
PROV2257;波帕扬
PROV2258;布埃纳文图拉
PROV2259;帕斯托
PROV2260;圣何塞瓜维亚雷
PROV2261;奥万多
PROV2262;卡萨纳雷
PROV2263;埃尔恩坎托
PROV2264;加拉加斯
PROV2265;瓜纳雷
PROV2266;卡拉博索
PROV2267;库马纳
PROV2268;圣费利佩
PROV2269;古伊里亚
PROV2270;马拉开波
PROV2271;瓦莱拉
PROV2272;科罗
PROV2273;巴基西梅托
PROV2274;巴里纳斯
PROV2275;安戈斯图拉
PROV2276;库里亚波
PROV2277;埃尔乔巴尔
PROV2278;圣费尔南多·德·阿塔巴波
PROV2279;基多
PROV2280;瓜亚基尔
PROV2281;埃斯梅拉达斯
PROV2282;洛哈
PROV2283;萨莫拉
PROV2284;特纳
PROV2285;加拉帕戈斯群岛
PROV2286;伊基托斯
PROV2287;尤里马瓜斯
PROV2288;云科斯
PROV2289;普卡乌尔科
PROV2290;卡哈马卡
PROV2291;皮乌拉
PROV2292;特鲁希略
PROV2293;瓦努科
PROV2294;莫约班巴
PROV2295;利马
PROV2296;万卡韦利卡
PROV2297;伊卡
PROV2298;瓦拉斯
PROV2299;阿亚库乔
PROV2300;普卡尔帕
PROV2301;马尔多纳多港
PROV2302;库斯科
PROV2303;普诺
PROV2304;阿雷基帕
PROV2305;安托法加斯塔
PROV2306;索罗卡巴
PROV2307;伊基克
PROV2308;阿里卡
PROV2309;卡拉马
PROV2310;拉巴斯
PROV2311;科恰班巴
PROV2312;奥鲁罗
PROV2313;丘基萨卡
PROV2314;波托西
PROV2315;塔里哈
PROV2316;圣诞老人
PROV2317;圣伊格纳西奥
PROV2318;罗博雷
PROV2319;圣安娜
PROV2320;里韦拉尔塔
PROV2321;科比贾
PROV2322;科皮亚波
PROV2323;拉塞雷纳
PROV2324;圣地亚哥
PROV2325;瓦尔帕莱索
PROV2326;比尼亚德尔马
PROV2327;塔尔卡
PROV2328;瓦尔迪维亚
PROV2329;特木科
PROV2330;考克内斯
PROV2331;奇兰
PROV2332;奥索尔诺
PROV2333;艾森港
PROV2334;蓬塔阿雷纳斯
PROV2335;波韦尼尔
PROV2336;复活节岛
PROV2337;福廷猎鹰
PROV2338;瓜拉尼港
PROV2339;亚松森
PROV2340;皮拉尔
PROV2341;恩卡纳西翁
PROV2342;圣佩德罗
PROV2343;康塞普西翁
PROV2344;蒙得维的亚
PROV2345;派桑杜
PROV2346;塔库阿伦博
PROV2347;梅洛
PROV2348;布宜诺斯艾利斯
PROV2349;胡宁
PROV2350;阿祖尔
PROV2351;拉普拉塔
PROV2352;马德普拉塔
PROV2353;特伦克·劳肯
PROV2354;布兰卡港
PROV2355;卡门
PROV2356;科连特斯
PROV2357;库鲁祖·库蒂亚
PROV2358;圣托马斯
PROV2359;冒号
PROV2360;巴拉那州
PROV2361;圣神
PROV2362;收复失地运动
PROV2363;罗萨里奥
PROV2364;雷西斯滕西亚
PROV2365;安吉拉别墅
PROV2366;福尔摩沙
PROV2367;索洛塔斯
PROV2368;萨尔塔
PROV2369;胡胡伊省
PROV2370;科奇诺卡
PROV2371;马术属
PROV2372;里瓦达维亚
PROV2373;图库曼
PROV2374;卡塔马卡
PROV2375;温奇纳
PROV2376;圣地亚哥·德尔·埃斯特罗
PROV2377;阿纳图亚
PROV2378;梅林
PROV2379;阿根廷科尔多瓦
PROV2380;新别墅
PROV2381;里奥夸尔托
PROV2382;雷南科
PROV2383;圣路易斯
PROV2384;奔驰
PROV2385;拉里奥哈
PROV2386;圣丽塔
PROV2387;圣胡安
PROV2388;卡林加斯塔
PROV2389;门多萨
PROV2390;圣拉斐尔
PROV2391;内乌肯
PROV2392;别德马
PROV2393;泰伦
PROV2394;巴里洛切
PROV2395;库拉科
PROV2396;罗森
PROV2397;溢达
PROV2398;德塞阿多港
PROV2399;里奥加耶戈斯
PROV2400;格兰德河
PROV2401;马拉比塔纳斯
PROV2402;马瑙斯
PROV2403;卡乔埃拉
PROV2404;特菲
PROV2405;博尔巴
PROV2406;科科斯群岛
PROV2407;塔巴廷加
PROV2408;奥里克西米纳
PROV2409;圣文森特
PROV2410;贝伦
PROV2411;圣塔伦
PROV2412;奥比多斯
PROV2413;马拉巴
PROV2414;阿马帕
PROV2415;马卡帕
PROV2416;多拉多斯
PROV2417;维拉贝拉
PROV2418;库亚巴
PROV2419;科伦巴
PROV2420;伊瓜特米
PROV2421;维拉博阿
PROV2422;阿甘贾
PROV2423;帕尔马斯
PROV2424;圣路易斯
PROV2425;查帕达
PROV2426;特雷西纳
PROV2427;奥埃拉斯
PROV2428;帕拉伊巴
PROV2429;福塔雷萨
PROV2430;克拉托
PROV2431;纳塔尔
PROV2432;累西腓
PROV2433;卡布罗博
PROV2434;马塞约
PROV2435;阿拉卡茹
PROV2436;巴伊亚州萨尔瓦多
PROV2437;茹阿泽罗
PROV2438;维拉杜巴拉
PROV2439;塞古罗港
PROV2440;征服维多利亚
PROV2441;欧鲁普雷图
PROV2442;萨巴拉
PROV2443;雅努阿里亚
PROV2444;帕拉卡图
PROV2445;乌贝拉巴
PROV2446;圣若奥德尔雷伊
PROV2447;里约热内卢
PROV2448;坎波斯
PROV2449;维多利亚
PROV2450;圣保罗
PROV2451;桑托斯
PROV2452;坎皮纳斯
PROV2453;阿西斯
PROV2454;斐济
PROV2455;伊瓜佩
PROV2456;阿拉拉夸拉
PROV2457;库里蒂巴
PROV2458;瓜拉普阿瓦
PROV2459;拉日什
PROV2460;卡斯特罗
PROV2461;德斯特罗
PROV2462;圣米格尔岛
PROV2463;阿雷格里港
PROV2464;佩洛塔斯
PROV2465;帕苏丰杜
PROV2466;圣玛丽亚
PROV2467;阿莱格雷特
PROV2468;悉尼
PROV2469;新城堡
PROV2470;麦觉理港
PROV2471;俄斐尔
PROV2472;伊甸园
PROV2473;瓦加瓦加
PROV2474;莫里
PROV2475;布罗肯希尔
PROV2476;墨尔本
PROV2477;瓦姆布尔
PROV2478;巴拉瑞特
PROV2479;销售
PROV2480;比奇沃斯
PROV2481;天鹅山
PROV2482;塔斯马尼亚
PROV2483;布里斯班
PROV2484;格莱斯顿
PROV2485;克莱蒙
PROV2486;图文巴
PROV2487;汤斯维尔
PROV2488;库克敦
PROV2489;朗里奇
PROV2490;查尔维尔
PROV2491;阿德莱德
PROV2492;林肯港
PROV2493;长袍
PROV2494;奥古斯塔港
PROV2495;乌德纳达塔
PROV2496;塔库拉
PROV2497;珀斯
PROV2498;科乔纳普
PROV2499;杰拉尔顿
PROV2500;卡尔古利
PROV2501;布鲁姆
PROV2502;丹皮尔
PROV2503;威卢纳
PROV2504;埃斯佩兰斯
PROV2505;帕默斯顿
PROV2506;坦南特克里克
PROV2507;爱丽丝泉
PROV2508;诺福克岛
PROV2509;奥克兰
PROV2510;新普利茅斯
PROV2511;纳皮尔
PROV2512;惠灵顿
PROV2513;但尼丁
PROV2514;霍基蒂卡
PROV2515;基督城
PROV2516;纳尔逊
PROV2517;关岛
PROV2518;帕劳
PROV2519;雅浦岛
PROV2520;塔韦乌尼
PROV2521;塞班岛
PROV2522;马绍尔群岛
PROV2523;瑙鲁
PROV2524;唤醒
PROV2525;马库斯
PROV2526;巴尔米拉
PROV2527;吉尔伯特群岛
PROV2528;莫尔兹比港
PROV2529;凯雷马
PROV2530;莱城
PROV2531;马当
PROV2532;圣若阿金堡
PROV2533;特尔古穆列什
PROV2534;所罗门群岛
PROV2535;新赫布里底群岛
PROV2536;圣克鲁斯群岛
PROV2537;新不列颠
PROV2538;诺维萨德
PROV2539;布干维尔
PROV2540;汤加
PROV2541;埃利斯群岛
PROV2542;瓦利斯和富图纳群岛
PROV2543;阿皮亚
PROV2544;帕果帕果
PROV2545;拉罗汤加岛
PROV2546;汤加雷瓦
PROV2547;托克劳
PROV2548;纽埃
PROV2549;塔拉瓦卡
PROV2550;普林西比堡
PROV2551;马克萨斯
PROV2552;皮特凯恩
PROV2553;土阿莫土人
PROV2554;波萨达斯
PROV2555;奥古斯塔
PROV2556;阿什维尔
PROV2557;埃斯比约
PROV2558;德阿尔
PROV2559;苏哈吉
PROV2560;达姆施塔特
PROV2561;西格堡
PROV2562;台南
PROV2563;萨菲
PROV2564;萨利马
PROV2565;宿务
PROV2566;阿加尔塔拉
PROV2567;加埃塔
PROV2568;卢加诺
PROV2569;尼克西奇
PROV2570;博韦
PROV2571;陶朗加
PROV2572;南
PROV2573;姆布尔
PROV2574;莫丘迪
PROV2575;怡保
PROV2576;纳图纳
PROV2577;普列夫利亚
PROV2578;塔克纳
PROV2579;特鲁克
PROV2580;斯塔拉拉多加
PROV2581;又鹰
PROV2582;科托尔
PROV2583;采蒂涅
PROV2584;别尔斯科
PROV2585;马坦 饰演 莎拉
PROV2586;哈萨
PROV2587;科拉
PROV2588;奥涅加
PROV2589;绍伊纳
PROV2590;乌戈尔诺耶
PROV2591;荷尔斯泰因堡
PROV2592;翁加瓦
PROV2593;乔治堡
PROV2594;泡菜
PROV2595;努勒维特
PROV2596;决议堡
PROV2597;朱红堡
PROV2598;利亚德堡
PROV2599;费尔班克斯
PROV2600;阿尔塔米拉
PROV2601;沙质沙漠
PROV2602;罗伯恩
PROV2603;田波
PROV2604;诺曼顿
PROV2605;吉布森沙漠
PROV2606;江布尔
PROV2607;罗布泊
PROV2608;哈特加尔
PROV2609;阿拉万
PROV2610;乌拉尔斯克
PROV2611;图尔盖
PROV2612;阿克塔什
PROV2613;尼达
PROV2614;莫迪亚卡
PROV2615;克拉斯诺塞尔库普
PROV2616;蒂利奇基
PROV2617;萨加利亚·欧拉
PROV2618;塔拉亚
PROV2619;阿比
PROV2620;沙西尔
PROV2621;中科雷姆斯克
PROV2622;马尔科沃
PROV2623;中途岛
PROV2624;洛安戈
PROV2625;霍普辛普森港
PROV2626;哈里森港
PROV2627;奇莫堡
PROV2628;阿塔瓦皮斯卡特
PROV2629;比顿河
PROV2630;科尔多瓦
PROV2631;乌纳拉基特
PROV2632;阿马萨利克
PROV2633;奥索拉
PROV2634;拉斯韦特
PROV2635;卡里巴
PROV2636;埃格德斯明德
PROV2637;新马林斯克
PROV2638;奥姆苏克昌
PROV2639;苏苏曼
PROV2640;齐良卡
PROV2641;阿彦
PROV2642;乌斯特内拉
PROV2643;霍努
PROV2644;奥列克明斯克
PROV2645;奇尔奇
PROV2646;阿塞斯·伊甘
PROV2647;扬斯克
PROV2648;雅库茨克
PROV2649;日甘斯克
PROV2650;纽尔巴
PROV2651;乌丹奇内
PROV2652;库拉尔
PROV2653;萨斯基拉
PROV2654;卡坦加
PROV2655;图拉
PROV2656;塔因巴
PROV2657;斯韦特洛戈尔斯克
PROV2658;赫塔
PROV2659;纳帕尔科沃
PROV2660;别列耶佐夫卡
PROV2661;下科雷姆斯克
PROV2662;切尔斯基
PROV2663;卡缅斯科耶
PROV2664;奥约图尼
PROV2665;乔库达赫
PROV2666;佩韦克
PROV2667;布伦
PROV2668;韦尔霍扬斯克
PROV2669;阿姆加
PROV2670;提克西
PROV2671;志琳达
PROV2672;波克罗夫斯克
PROV2673;奥列纽克
PROV2674;埃西
PROV2675;叶康达
PROV2676;基伦斯克
PROV2677;多特孔
PROV2678;布尔干
PROV2679;科布多
PROV2680;杜金卡
PROV2681;基基亚基
PROV2682;阿克萨尔卡
PROV2683;巴克查尔
PROV2684;亚尔特卖
PROV2685;木芝
PROV2686;伊希姆
PROV2687;安德玛
PROV2688;因塔
PROV2689;穆尔达
PROV2690;上乌法利
PROV2691;沃尔戈沃
PROV2692;科斯蒂诺
PROV2693;乌查米
PROV2694;瓦纳瓦拉
PROV2695;穆赫图亚
PROV2696;阿尔丹
PROV2697;马格达加奇
PROV2698;斯拉夫哥罗德
PROV2699;伊日马
PROV2700;乌索戈尔斯克
PROV2701;苏林达
PROV2702;阿拉尔斯克
PROV3246;扬马延
PROV2703;维纳恩
PROV2704;韦特恩
PROV2705;波的尼亚湾
PROV2706;兰兹哈夫
PROV2707;芬兰湾
PROV2708;西波罗的海
PROV2709;里加湾
PROV2710;南波罗的海
PROV2711;厄勒海峡
PROV2712;卡特加特
PROV2713;佩西·贾尔夫
PROV2714;拉多加
PROV2715;奥涅加
PROV2716;白海
PROV2717;罗弗敦海
PROV2718;挪威北部海
PROV2719;挪威南部海
PROV2720;斯卡格拉克
PROV2721;黑尔戈兰湾
PROV2722;荷兰海岸
PROV2723;道格银行
PROV2724;多佛海峡
PROV2725;这个频道
PROV2726;兰兹角
PROV2727;布列塔尼海岸
PROV2728;基伯龙湾
PROV2729;银海岸
PROV2730;比斯开湾
PROV2731;坎塔布连海
PROV2732;泰恩河
PROV2733;福斯湾
PROV2734;北海
PROV2735;马里湾
PROV2736;北海峡
PROV2737;爱尔兰海
PROV2738;圣乔治海峡
PROV2739;多尼戈尔湾
PROV2740;丁格尔湾
PROV2741;凯尔特海
PROV2742;西方方法
PROV2743;菲尼斯特雷湾
PROV2744;卢西塔尼亚海
PROV2745;加的斯湾
PROV2746;直布罗陀海峡
PROV2747;阿尔梅里亚湾
PROV2748;巴伦西亚湾
PROV2749;狮子湾
PROV2750;蔚蓝海岸
PROV2751;利古里亚海
PROV2752;马略卡湾
PROV2753;西地中海
PROV2754;巴巴里海岸
PROV2755;邦角
PROV2756;第勒尼安海
PROV2757;那不勒斯海湾
PROV2758;加贝斯湾
PROV2759;马耳他频道
PROV2760;墨西拿海峡
PROV2761;威尼斯湾
PROV2762;亚得里亚海
PROV2763;奥特朗托海峡
PROV2764;塔兰托湾
PROV2765;爱奥尼亚海
PROV2766;苏尔特湾
PROV2767;托布鲁克湾
PROV2768;亚历山大湾
PROV2769;巴勒斯坦海岸
PROV2770;塞浦路斯湾
PROV2771;克里特岛海
PROV2772;爱琴海
PROV2773;马尔马拉海
PROV2774;瓦尔纳湾
PROV2775;敖德萨湾
PROV2776;亚速海
PROV2777;黑海东部
PROV2778;巴拉顿湖
PROV2779;里海
PROV2780;咸海
PROV2781;苏伊士湾
PROV2782;红海
PROV2783;奥博克海峡
PROV2784;巴埃尔曼德布
PROV2785;马斯卡特海岸
PROV2786;马斯卡特海岸
PROV2787;霍尔木兹海峡
PROV2788;波斯湾
PROV2789;印度河湾
PROV2790;古吉拉特邦湾
PROV2791;拉克代夫群岛
PROV2792;马拉巴尔海岸
PROV2793;科摩罗海角
PROV2794;卡拉曼德尔海岸
PROV2795;奥里萨邦海岸
PROV2796;恒河三角洲
PROV2797;阿克亚布湾
PROV2798;伊洛瓦底三角洲
PROV2799;安达曼海
PROV2800;丹老群岛
PROV2801;马六甲海峡
PROV2802;尼科巴群岛
PROV2803;阿杰海岸
PROV2804;苏门答腊岛海岸
PROV2805;巽他海峡
PROV2806;爪哇海岸
PROV2807;泗水海岸
PROV2808;龙目岛海峡
PROV2809;帝汶海
PROV2810;摩鹿加群岛
PROV2811;爪哇海
PROV2812;望加锡海峡
PROV2813;卡里马塔海峡
PROV2814;柔佛海峡
PROV2815;马来亚海
PROV2816;砂拉越海岸
PROV2817;湄公河三角洲
PROV2818;暹罗湾
PROV2819;金兰湾
PROV2820;南中国海
PROV2821;文莱海岸
PROV2822;安南海岸
PROV2823;北部湾
PROV2824;广州湾
PROV2825;台湾海峡
PROV2826;长江三角洲
PROV2827;黄海
PROV2828;韩国湾
PROV2829;韩国海
PROV2830;朝鲜海
PROV2831;奥尔加海岸
PROV2832;鞑靼海峡
PROV2833;阿穆尔河三角洲
PROV2834;阿延湾
PROV2835;科缅斯科伊湾
PROV2836;堪察加海岸
PROV2837;鄂霍次克海
PROV2838;萨哈林岛海岸
PROV2839;宗谷海峡
PROV2840;津轻海峡
PROV2841;日本海
PROV2842;天草海
PROV2843;濑户内海
PROV2844;东海海
PROV2845;琉球群岛
PROV2846;吕宋海峡
PROV2847;西沙群岛
PROV2848;马尼拉湾
PROV2849;吕宋岛海岸
PROV2850;莱特湾
PROV2851;苏禄海
PROV2852;西里伯斯海
PROV2853;特尔纳特海
PROV2854;班达海
PROV2855;菲律宾海
PROV2856;帕劳群岛
PROV2857;比亚克湾
PROV2858;维利安海峡
PROV2859;特罗布里安群岛
PROV2860;托雷斯海峡
PROV2861;阿拉弗姆海
PROV2862;科勒波姆湾
PROV2863;卡奔塔利亚湾
PROV2864;大堡礁
PROV2865;摩羯湾
PROV2866;豪角
PROV2867;巴斯海峡
PROV2868;袋鼠岛
PROV2869;大澳大利亚湾
PROV2870;卢文角
PROV2871;鲨鱼湾
PROV2872;西北角
PROV2873;王声
PROV2874;塔斯曼高原
PROV2875;图吉岭
PROV2876;库克海峡
PROV2877;北塔斯曼海
PROV2878;告别角
PROV2879;新西兰海岸
PROV2880;南塔斯曼海
PROV2881;坎特伯雷湾
PROV2882;新喀里多尼亚海
PROV2883;珊瑚海
PROV2884;吉尔伯特海
PROV2885;所罗门海
PROV2886;瑙鲁岛
PROV2887;美拉尼西亚海
PROV2888;密克罗尼西亚海
PROV2889;菲律宾海沟
PROV2890;菲律宾盆地
PROV2891;天宁海
PROV2892;硫磺岛海
PROV2893;太平海洋
PROV2894;千岛群岛
PROV2895;尤卡湾
PROV2896;奥尔朱特湾
PROV2897;阿纳德尔湾
PROV2898;叶卡捷琳娜平原
PROV2899;非洲号角
PROV2900;胡椒海岸
PROV2901;桑给巴尔海峡
PROV2902;莫桑比克海峡
PROV2903;迭戈·苏亚雷斯湾
PROV2904;西阿拉伯海
PROV2905;东阿拉伯海
PROV2906;塞舌尔
PROV2907;塔马塔夫海岸
PROV2908;马斯卡林家族
PROV2909;赞比西湾
PROV2910;纳塔尔海岸
PROV2911;特兰斯凯海岸
PROV2912;西斯凯海岸
PROV2913;好望角
PROV2914;纳米比亚海岸
PROV2915;安哥拉海岸
PROV2916;刚果湾
PROV2917;喀麦隆海岸
PROV2918;贝宁湾
PROV2919;黄金海岸
PROV2920;象牙海岸
PROV2921;几内亚海岸
PROV2922;塞内冈比亚海岸
PROV2923;毛里塔尼亚海岸
PROV2924;加那利海
PROV2925;摩洛哥海岸
PROV2926;扬马延海
PROV2927;斯皮茨山海
PROV2928;冰岛海
PROV2929;设得兰海峡
PROV2930;冰岛海岸
PROV2931;东北大西洋
PROV2932;罗科尔
PROV2933;丹麦海峡
PROV2934;格陵兰岛东海岸
PROV2935;格陵兰岛西海岸
PROV2936;拉布拉多海峡
PROV2937;巴芬湾
PROV2938;哈德逊海峡
PROV2939;詹姆斯·贝
PROV2940;西哈德逊湾
PROV2941;东哈德逊湾
PROV2942;福克斯盆地
PROV2943;圣劳伦斯湾
PROV2944;卡伯特海峡
PROV2945;芬迪湾
PROV2946;贝尔岛海峡
PROV2947;财富湾
PROV2948;圣母湾
PROV2949;拉布拉多海
PROV2950;格陵兰海
PROV2951;赫卡拉海山
PROV2952;马萨诸塞湾
PROV2953;切萨皮克湾
PROV2954;哈特拉斯角
PROV2955;卡罗莱纳州海岸
PROV2956;佛罗里达海岸
PROV2957;巴哈马海岸
PROV2958;佛罗里达海峡
PROV2959;阿巴拉奇湾
PROV2960;莫比尔湾
PROV2961;加尔维斯顿湾
PROV2962;坦皮科湾
PROV2963;尤卡坦海
PROV2964;墨西哥湾
PROV2965;尤卡坦海峡
PROV2966;伯利兹湾
PROV2967;蚊子海岸
PROV2968;达里恩湾
PROV2969;牙买加频道
PROV2970;中加勒比地区
PROV2971;西北加勒比海
PROV2972;委内瑞拉湾
PROV2973;委内瑞拉海
PROV2974;东加勒比海
PROV2975;向风群岛
PROV2976;小安的列斯群岛
PROV2977;特克斯和凯科斯海
PROV2978;古巴海岸
PROV2979;伊斯帕尼奥拉岛海岸
PROV2980;圭亚那海岸
PROV2981;阿马帕海岸
PROV2982;亚马逊湾
PROV2983;巴西海岸
PROV2984;累西腓海岸
PROV2985;伯南布哥州海岸
PROV2986;托多斯奥斯桑托斯湾
PROV2987;里约热内卢
PROV2988;巴亚巴拉那瓜
PROV2989;拉普拉塔河
PROV2990;布兰卡港
PROV2991;巴塔哥尼亚海岸
PROV2992;麦哲伦海峡
PROV2993;智利南海岸
PROV2994;智利海岸
PROV2995;阿塔卡马海岸
PROV2996;安托法加斯塔海岸
PROV2997;阿雷基帕湾
PROV2998;秘鲁海岸
PROV2999;瓜亚基尔湾
PROV3000;厄瓜多尔海岸
PROV3001;巴拿马湾
PROV3002;哥斯达黎加湾
PROV3003;阿卡普尔科湾
PROV3004;曼萨尼拉湾
PROV3005;马萨特兰湾
PROV3006;加利福尼亚湾
PROV3007;巴哈海岸
PROV3008;加利福尼亚海岸
PROV3009;圣卡塔利娜群岛
PROV3010;俄勒冈州海岸
PROV3011;哥伦比亚海岸
PROV3012;赫卡忒海峡
PROV3013;阿拉斯加湾
PROV3014;阿拉斯加海岸
PROV3015;库斯科维姆湾
PROV3016;哈顿银行
PROV3017;东吉布斯骨折
PROV3018;西吉布斯骨折
PROV3019;伊比利亚大陆架
PROV3020;亚速尔海
PROV3021;角海山
PROV3022;新英格兰海山
PROV3023;塞布尔岛银行
PROV3024;布莱克高原
PROV3025;西百慕大海
PROV3026;东百慕大海
PROV3027;加那利洋流
PROV3028;圭亚那盆地北部
PROV3029;圭亚那盆地
PROV3030;圭亚那盆地南部
PROV3031;金丝雀方法
PROV3032;佛得角方法
PROV3033;巡洋舰桌面安装式
PROV3034;梭鱼断裂带
PROV3035;东部马尾藻海
PROV3036;中央马尾藻海
PROV3037;罗曼什峡
PROV3038;东几内亚盆地
PROV3039;西几内亚盆地
PROV3040;阿根廷海
PROV3041;阿根廷崛起
PROV3042;短号银行
PROV3043;维玛频道
PROV3044;南巴西盆地
PROV3045;扎皮奥拉平原
PROV3046;阿根廷盆地
PROV3047;福克兰高原
PROV3048;福克兰群岛海岸
PROV3049;费尔南多·迪诺罗尼亚群岛
PROV3050;北巴西盆地
PROV3051;塞拉利昂盆地
PROV3052;马丁·瓦兹·里奇
PROV3053;阿森松西海岸
PROV3054;阿森松东海岸
PROV3055;鲸湾海岭
PROV3056;普莱恩角
PROV3057;高夫岛
PROV3058;特里斯坦达库尼亚海岸
PROV3059;圣马林峡
PROV3060;南桑威奇群岛
PROV3061;伊纳塞瑟瑟布尔岛
PROV3062;布维岛
PROV3063;风暴角
PROV3064;孟加拉湾
PROV3065;孟加拉湾北部
PROV3066;孟加拉湾南部
PROV3067;锡兰海
PROV3068;马尔代夫海岸
PROV3069;八度通道
PROV3070;马丁利高地
PROV3071;阿拉伯盆地
PROV3072;一度半通道
PROV3073;查戈斯群岛
PROV3074;科科斯盆地
PROV3075;南苏门答腊海沟
PROV3076;基林斯海岸
PROV3077;爪哇海沟
PROV3078;爱德华王子岛
PROV3079;德尔卡诺高地
PROV3080;圣玛丽角
PROV3081;克罗泽岛
PROV3082;马斯克林平原
PROV3083;罗德里格斯岛
PROV3084;西南印度盆地
PROV3085;凯尔盖朗群岛
PROV3086;圣保罗岛
PROV3087;断岭
PROV3088;南澳大利亚盆地
PROV3089;细叶断裂带
PROV3090;阿尔戈区
PROV3091;居维叶盆地
PROV3092;袋鼠高原
PROV3093;东九十岭
PROV3094;罗阿莱斯
PROV3095;维宁-梅内斯海山
PROV3096;沃顿盆地
PROV3097;北科科斯高原
PROV3098;南科科斯高原
PROV3099;阿姆斯特丹岛
PROV3100;玛丽-塞莱斯特断裂带
PROV3101;乍得湖
PROV3102;维多利亚湖
PROV3103;坦噶尼喀湖
PROV3104;马拉维湖
PROV3105;古尔登-德拉克海山
PROV3106;巴尔查斯湖
PROV3107;贝加尔湖
PROV3108;洞庭湖
PROV3109;的的喀喀湖
PROV3110;尼加拉瓜湖
PROV3111;塞德娜盆地
PROV3112;安大略湖
PROV3113;伊利湖
PROV3114;休伦湖
PROV3115;密歇根湖
PROV3116;苏必利尔湖
PROV3117;尼皮贡湖
PROV3118;温尼伯湖
PROV3119;科尔斯基耶夫峡谷
PROV3120;奥尔索瓦银行
PROV3121;诺瓦斯克平原
PROV3122;索尔夫斯基平原
PROV3123;亚马拉峡谷
PROV3124;西北太平洋盆地
PROV3125;塞夫兰斯浅滩
PROV3126;马库斯岛海岸
PROV3127;马里亚纳群岛海岸
PROV3128;梅斯代尔公寓
PROV3129;伊座毛掉落
PROV3130;北白令海
PROV3131;南白令海
PROV3132;西阿留申群岛
PROV3133;普里比洛夫群岛
PROV3134;东阿留申群岛
PROV3135;乌米纳克山口
PROV3136;西阿留申海
PROV3137;贝克海山
PROV3138;阿拉斯加平原
PROV3139;东阿留申海
PROV3140;探险家海沟
PROV3141;无月海山
PROV3142;奇努克盆地
PROV3143;乙支盆地
PROV3144;金谷盆地
PROV3145;奇努克海槽
PROV3146;斯坦利海山
PROV3147;门多西诺悬崖
PROV3148;加州海山
PROV3149;墨累断裂带
PROV3150;夏威夷海岸
PROV3151;阿尔戈海山
PROV3152;音乐家海山
PROV3153;中途岛海岸
PROV3154;开普勒平原
PROV3155;伽罗瓦平原
PROV3156;奥戈尔曼高地
PROV3157;加拉帕戈斯群岛海岸
PROV3158;拉皮拉平原
PROV3159;库克群岛海岸
PROV3160;克利珀顿岛
PROV3161;亨德森海山
PROV3162;马迪杰拉岭
PROV3163;鲍尔盆地
PROV3164;东北太平洋盆地
PROV3165;发现者海山号
PROV3166;塔萨乌鲁平底鞋
PROV3167;夏威夷拱门
PROV3168;雷德福盆地
PROV3169;北莱恩群岛
PROV3170;社会群岛海岸
PROV3171;秘鲁盆地
PROV3172;尤潘基盆地
PROV3173;塞弗伦斯平原
PROV3174;阿尔塔米拉平原
PROV3175;南莱恩群岛
PROV3176;中太平洋盆地
PROV3177;萨摩亚海岸
PROV3178;约翰斯顿环礁
PROV3179;汤加海岸
PROV3180;马克萨斯海岸
PROV3181;分辨率单位
PROV3182;土阿莫土群岛海岸
PROV3183;泰特斯岭
PROV3184;查塔姆群岛
PROV3185;西南太平洋盆地
PROV3186;卢多维科峡谷
PROV3187;皮特凯恩岛海岸
PROV3188;罗格芬盆地
PROV3189;梅纳德断裂带
PROV3190;复活节岛海岸
PROV3191;埃利斯群岛海岸
PROV3192;新喀里多尼亚盆地
PROV3193;胡安·费尔南德斯群岛
PROV3194;塞尔扣克高地
PROV3195;卡拉塞夫平原
PROV3196;蒂姆金平原
PROV3197;锡勒斯礁
PROV3198;洪堡平原
PROV3199;瓦尔迪维亚公寓
PROV3200;南乔治亚岛海岸
PROV3201;阿根廷平原
PROV3202;扎皮奥拉海山
PROV3203;圣赫勒拿岛西海岸
PROV3204;摩尔断裂带
PROV3205;西德梅拉拉平原
PROV3206;东德梅拉拉平原
PROV3207;佛得角盆地
PROV3208;内雷斯平原
PROV3209;巴哈马盆地
PROV3210;西部马尾藻海
PROV3211;百慕大方法
PROV3212;锡兰平原
PROV3213;巽他海沟
PROV3214;北苏门答腊海沟
PROV3215;中印度盆地
PROV3216;斐济盆地
PROV3217;安慰平底鞋
PROV3218;皮萨罗斯通行证
PROV3219;斐济海岸
PROV3220;诺福克岛海岸
PROV3221;吉尔伯特群岛海岸
PROV3222;迈努礁
PROV3223;土星银行
PROV3224;塔纳湖
PROV3225;大盐湖
PROV3226;南澳大利亚平原
PROV3227;大奴隶湖
PROV3228;阿萨巴斯卡湖
PROV3229;驯鹿湖
PROV3230;鄂毕湾
PROV3231;凡湖
PROV3232;乌尔米耶湖
PROV3233;伊塞克湖
PROV3234;青海湖
PROV3235;鄱阳湖
PROV3236;鲁道夫湖
PROV3237;索姆平原
PROV3238;姆韦鲁湖
PROV3239;尚普兰湖
PROV3240;波波湖
PROV3241;北冰洋
PROV3242;莫里海峡
PROV3243;东南太平洋盆地
PROV3244;贾卢伊特通道
PROV3245;马尔可夫平原
PROV3247;西夏威夷
PROV3248;西麦哲伦海峡
